delivery_day,n_hours,S-perfect,S-naive-1d,S-naive-7d,S-xgb-reg,S-xgb-rank,S-lstm-reg,S-lstm-rank
2024-10-01,24,162.73654016839706,134.74522331705725,75.84131543441264,156.44507157588328,157.56205151444038,159.1672723462138,159.17057252530265
2024-10-02,24,69.78617924095526,62.576179240955284,42.36980770796182,46.17457134432547,47.11950647006768,64.44418619647598,64.44748637556489
2024-10-03,24,83.25874529943916,49.633542090981436,80.16307089795569,81.06739335229351,81.06739335229351,82.69507471105459,81.85694574083111
2024-10-04,24,103.62191865928169,97.97029819250439,83.42288801631152,73.74470468220434,77.08138381914196,78.37269189723114,80.75813191987794
2024-10-05,24,148.24768665225756,102.37863933148695,127.46807266145987,133.19498708842073,143.91806590558065,147.2707931783079,143.91806590558065
2024-10-06,24,157.45653701971466,128.18075197506028,125.73033203202459,152.67171580663137,152.67171580663137,147.2589760197951,147.2589760197951
2024-10-07,24,308.5473358779183,215.20536608284303,118.97990899516,301.47822368841145,304.71617117432754,308.5473358779183,304.64641736933675
2024-10-08,24,151.6037242270028,148.47415420161047,91.20690929385513,148.73928967489167,149.67687191614382,149.6581919877794,151.07361113386668
2024-10-09,24,87.03492386188124,73.11039742351252,73.60812177027513,79.67101670864322,78.05049676882851,80.71628567956667,81.66396581596649
2024-10-10,24,138.80333043927112,122.67238948771563,132.0663279532483,134.6382412445479,134.6382412445479,133.93461255467025,133.93461255467025
2024-10-11,24,173.9038834656073,158.83232667215754,165.3310014104436,173.9038834656073,173.63721885872792,173.2029254271244,173.21080878391746
2024-10-12,24,105.66537015077127,78.52409653559738,90.83004970815787,104.03973903905224,104.30771358107113,104.40678053792763,94.28759400409129
2024-10-13,24,64.09087791035151,45.83543207275325,45.44238848649657,63.78046497943277,62.575675692752895,63.78046497943277,62.575675692752895
2024-10-14,24,345.5293845663821,118.58381340704364,342.7764489266447,341.5964265584352,341.5964265584352,344.51199765355045,343.5264265584352
2024-10-15,24,195.90821972374792,73.76187138828905,74.98580760164353,191.7948114772087,192.38374428628455,190.71249598172406,191.29648443478445
2024-10-16,24,128.05133000793236,83.48810702785909,125.98621005399298,123.2447473449345,123.48256432943379,123.48256432943379,123.48256432943379
2024-10-17,24,228.72514562643954,178.3357333871408,133.5354822008024,219.18290326992013,220.8805829953385,220.8805829953385,221.312246420167
2024-10-18,24,136.04704734945216,117.1831375136872,94.91289993860727,118.4622568714351,135.3363791557054,117.35797845726711,135.92956097388722
2024-10-19,24,78.37335665697181,49.64195264036914,60.95069040049181,78.09473084081291,78.09473084081291,78.09473084081291,78.09473084081291
2024-10-20,24,117.64681615843705,88.1883020693804,75.38895585961907,110.7879369429424,110.0071654892171,110.26193931488038,110.26193931488038
2024-10-21,24,274.6743463709886,119.62717667917812,269.5579297254252,269.65609841381377,273.4873032223313,273.52466307906013,273.52466307906013
2024-10-22,24,141.47163976850067,82.38248401281572,109.1747055824454,123.0187603001566,112.78990075548077,112.36033519526396,123.0187603001566
2024-10-23,24,198.56553631751163,157.09594125039024,142.1252722556236,197.63814382906688,193.4476882943288,178.25983466222206,194.3730071737348
2024-10-24,24,117.12284801124727,97.63983052018466,52.98415851410594,106.00216829267511,106.01342590140881,109.55961049976318,109.57086810849688
2024-10-25,24,178.62389242267378,83.76163055666069,172.88212554990983,172.75209849380707,173.06759561470616,172.75209849380707,173.06759561470616
2024-10-26,24,109.22721085618412,81.86253449855457,91.45379320526055,107.19856161835071,107.19856161835071,108.79441208841726,108.79441208841726
2024-10-27,25,123.73886370673588,89.90847108619145,83.94496709917674,113.41172781855522,99.11534058261338,94.65077147174016,95.33258965355834
2024-10-28,24,60.171570632166805,-3.6447943139412615,54.52310030172106,59.78957375552804,58.72527617402301,56.343325472217316,46.14475784571553
2024-10-29,24,280.4767697292207,203.21476101401626,50.62127175776091,102.94074161510747,204.2644142583991,204.2644142583991,204.34295852071497
2024-10-30,24,121.24101152914781,121.24101152914781,70.2304666859643,120.86465562779617,90.22591383419939,120.24267274525963,90.22591383419939
2024-10-31,24,66.6875987428779,54.726316963263486,33.74377255574113,64.01806062093817,63.14569536492431,55.60086851947827,63.94499874025652
2024-11-01,24,94.98016014591475,30.63707741285141,69.7310938737066,77.2610938737066,77.2610938737066,77.2610938737066,77.2610938737066
2024-11-02,24,71.79591749700249,32.39625247990864,13.839781629360417,63.904828260797686,66.48123884072142,65.28992752175618,68.02209740746359
2024-11-03,24,75.86646004612192,27.587552419073607,75.60606219518874,65.65208866573886,65.32100000231458,74.15914870954619,73.45356872123911
2024-11-04,24,285.43019223085446,152.46258230678615,166.8797168945783,271.5445736911653,279.6431808176459,278.6244619225814,278.6244619225814
2024-11-05,24,685.9963131072326,684.1303095254545,684.3151195544331,684.038564546783,679.7865212891302,684.3151195544331,679.7865212891302
2024-11-06,24,1303.8236059408457,1303.8236059408457,1302.3572315642373,1296.1310004528948,1293.134097880897,1292.8034056243446,1293.134097880897
2024-11-07,24,443.1967743036147,442.8942260688966,318.91901912338744,443.09403469761025,347.8664727081842,439.7826793029474,439.48258898742665
2024-11-08,24,16.024155568773892,9.830880220631855,-8.831764562790354,6.797289125326955,9.879981524743187,11.023390494609686,10.79923135423644
2024-11-09,24,36.96571076175948,4.914145625045222,36.83091397764903,35.75347150870408,36.54471351574634,26.105674943978958,36.93864929323047
2024-11-10,24,35.55725980375793,34.605766368361756,-14.336735048453967,25.82230908304503,25.82230908304503,33.050802764444384,25.803629154680596
2024-11-11,24,46.57116850971789,28.3811685097179,43.61884771065567,46.06992084471284,43.565863344486615,43.147954845976386,42.811716135416475
2024-11-12,24,309.07611898856874,258.33686928158204,262.1431971749296,261.2826739378935,262.9252010118996,264.13939635558813,262.9252010118996
2024-11-13,24,177.5194773191935,90.93576663882175,79.4919548866911,83.85654678418709,132.69830168114055,87.22656607668003,175.6304505736798
2024-11-14,24,54.067452185270824,-2.624063208928998,44.61712688306524,49.86037240745317,49.33137860442558,49.86037240745317,49.33137860442558
2024-11-15,24,55.43376404965966,18.750353247603815,38.014166720000134,19.107791850213946,42.47078673548566,42.64173601229081,42.64173601229081
2024-11-16,24,50.873342697783855,19.190289602651024,37.34600914995934,36.79427150432588,35.01733257205211,35.81667908018801,35.81667908018801
2024-11-17,24,72.49658519306784,42.25285530239937,41.99082108274051,36.394487755012385,35.550483602949676,40.026800335756825,35.95648483518284
2024-11-18,24,123.4450171606461,48.13104879628807,105.52991739877125,106.66727333287592,117.65597403280623,97.97696038858551,119.9769603885855
2024-11-19,24,80.91238535875709,39.05189849670731,37.43143354445016,42.278350946916504,41.57251119615182,38.96266366222861,41.59231227068523
2024-11-20,24,60.979554935046835,28.661161085476184,48.086169630515485,54.91440025574968,54.18199554444547,52.99417496290013,53.68619771766225
2024-11-21,24,111.51983326554048,44.439966615229466,98.95315699331424,71.25178946106983,95.96844089491738,95.89372118145964,95.96844089491738
2024-11-22,24,73.5196567544501,26.74074009526402,68.98991074559908,66.31169206653175,66.31169206653175,66.31169206653175,67.29414358072114
2024-11-23,24,74.47618831948265,46.87568006830031,43.32165726640952,52.33561783712358,44.76276659049387,49.15875380552066,48.07531796038319
2024-11-24,24,10.842586392729238,-12.902719250816062,-3.51544986499313,10.720741951324456,10.44760132476149,-1.8790335211926212,9.691475831419936
2024-11-25,24,143.06922645609075,132.4009777795625,141.4872861954163,111.53763736683536,134.51368895914962,140.09952427604173,140.51048270005936
2024-11-26,24,91.19175640091538,83.55240101618031,9.787020058696132,84.42615664765762,86.1224987069318,83.70484310455439,84.42615664765762
2024-11-27,24,145.20348481230172,-6.5939523311744335,-13.370999234605469,134.584544759816,139.9434848123017,134.33901143560166,118.6385316452907
2024-11-28,24,120.18991846574735,10.164354510679718,91.93086113126625,117.03066293813436,117.39731029819743,116.13492154124091,116.94749842509401
2024-11-29,24,91.08936106071268,12.792388108393666,81.44855397003865,73.76219139164373,74.2671824371986,74.38796899185242,74.38796899185242
2024-11-30,24,32.3824403696281,-25.590824641051768,-6.189292521588172,28.239069716058182,30.945368844331384,17.012026698357197,25.15995168162162
2024-12-01,24,31.397422525909246,19.257077208706193,24.165072961061544,23.382902123452812,26.080995169828416,26.063471843749827,23.382902123452812
2024-12-02,24,100.14776854068616,11.925050183446228,86.78791914444191,98.44197405825294,98.44197405825294,83.40769754625613,82.75437124067027
2024-12-03,24,131.24752544831827,121.40764362546543,76.63203408987377,122.58962573535686,124.85151142963386,124.85151142963386,124.85151142963386
2024-12-04,24,278.02675727186136,263.8666146779,227.1755818342306,231.36954171134468,231.33455981300236,231.33455981300236,231.33455981300236
2024-12-05,24,90.45019849218961,65.80059084069855,25.777163715352927,87.3834633392439,87.3834633392439,88.35919319937635,90.09038827044374
2024-12-06,24,145.2195276702672,56.27651427340224,60.82203821867891,144.4473644013955,144.4473644013955,143.4371748039733,144.42887595939231
2024-12-07,24,63.79157903915261,5.77100300347594,5.740086672057174,35.65919530788189,40.82803347520731,31.1021388411676,46.49331226735278
2024-12-08,24,35.94012090291257,-24.05546629750146,-47.08166059299563,-0.5195228368189895,19.798330959248066,16.336878029525668,10.586356699039044
2024-12-09,24,96.85410092465587,74.18716104048083,76.22509620798353,75.66319373912502,73.68687218502821,75.66319373912502,75.73501728284596
2024-12-10,24,139.12546378702186,64.6069684346746,139.12546378702186,116.69059407765653,119.33380394122466,119.70540410663509,117.05783968464502
2024-12-11,24,550.8518948349497,550.8518948349497,480.54586490395684,497.6247918712403,497.53370692838666,550.8518948349497,497.53370692838666
2024-12-12,24,1398.779522603727,1375.8227254337608,893.6063655642462,1375.8227254337608,1270.6476427879554,1224.9293645710443,1248.7855354912535
2024-12-13,24,252.10526805505185,243.02721975095153,235.22392690342258,251.05707210585763,252.10526805505185,243.02721975095153,251.95610473933039
2024-12-14,24,35.66766579167711,-2.423755492684762,-13.622994656697662,29.788118838231156,29.788118838231156,31.512739885471774,31.586617942786646
2024-12-15,24,64.52619251577379,32.422679490765105,17.045270368260258,46.121566344211814,46.377660241510654,35.79382357308573,46.377660241510654
2024-12-16,24,118.52726478170155,29.12440056944807,58.05259797723241,105.07885088928845,105.06298536310743,105.06298536310743,105.06298536310743
2024-12-17,24,116.3489933623188,69.88371233600998,108.01392504884015,108.01392504884015,115.39667341652233,112.04234279231997,111.81529047100346
2024-12-18,24,67.6841863095151,18.224274754571937,7.6690537358594995,40.019946501903235,41.336057922557586,36.85928473568281,66.1092847356828
2024-12-19,24,90.79359496423308,49.599816757807616,61.449693288126014,83.10646644369785,83.10646644369785,83.10646644369785,85.22174685274675
2024-12-20,24,109.11642496810796,81.7770089538316,98.49067213308908,98.39687664434746,99.9664314388728,103.0001878267093,98.39687664434746
2024-12-21,24,19.489894570876118,5.973790850166136,12.913881412275778,8.327124843021824,16.853538486503552,11.297159166405564,15.322515210035547
2024-12-22,24,75.20980064125646,-5.5049791898806575,-24.92607027092144,72.09481264282034,71.82136242008167,42.91167145574709,72.39837115572712
2024-12-23,24,89.41698618232346,54.28180669595055,-31.267998199922243,52.753222047107144,75.16026327595483,52.0438854950677,76.30361416297058
2024-12-24,24,28.06660723992403,-16.87762742896295,10.338363985506106,12.621757306705902,17.41027451291903,16.00999925280161,12.899999252801624
2024-12-25,24,22.362581343172337,-14.039954468640413,-34.64077650312883,9.335440531552706,21.030503267382482,12.645727404826975,12.469883556406675
2024-12-26,24,24.48380213290643,22.83389450919056,14.06780740009178,18.916274065698744,20.065089660111724,18.555894509190566,18.555894509190566
2024-12-27,24,44.240993702049536,32.89890307810096,16.531492615008915,43.14382880347446,43.14382880347446,43.14382880347446,43.061929699936854
2024-12-28,24,29.66595606253719,28.826708197054074,-32.067244740643886,26.278932194967044,26.834945490324177,29.650035998612342,29.627594780807787
2024-12-29,24,37.98383056833117,31.11902157548596,32.128665165228455,32.961141091951475,27.96327174816787,30.81375261896605,32.56304384928478
2024-12-30,24,69.66058685811777,32.40197598435108,-28.260233972177616,56.55448084125213,67.8920728140982,69.54772073327729,67.8920728140982
2024-12-31,24,87.68266339176866,70.15199405177765,75.1719664293083,71.01911877972466,71.01911877972466,69.47726562753546,71.51348560724227
2025-01-01,24,1.0635045157760405,-28.22261342496091,-9.301205484102647,-9.918984881460966,-8.376412607808556,-9.876113300585882,-11.106738799309586
2025-01-02,24,176.43344446358861,-32.71124838833232,126.22806007416203,176.36537288126345,175.50011965082393,176.36537288126345,174.60011965082396
2025-01-03,24,34.40483430999809,9.357709573043639,20.7163088713704,12.153276601750406,19.459759588304678,25.872091014112527,19.459759588304678
2025-01-04,24,45.090966491732885,-56.997707112955545,38.56080415511629,45.006906814092886,39.2266482880933,45.006906814092886,44.14270167971837
2025-01-05,24,66.98155028395013,-27.036661844136024,18.78921668387973,66.98155028395013,66.98155028395013,66.98155028395013,66.98155028395013
2025-01-06,24,31.465903717070752,1.6670803293205712,15.939496527914596,15.799564451354783,24.26766662107177,16.701861791360322,15.74477210679187
2025-01-07,24,106.85158487662258,80.35730599268774,70.23593859938921,101.7381205733605,105.6395191936063,102.2230383828902,105.6395191936063
2025-01-08,24,97.48419520443588,96.15614267493058,-17.243780692727146,83.24534850003278,82.45726573360284,86.80947168805787,86.06700287964463
2025-01-09,24,86.36191118436966,34.71413815321472,29.12890235477366,83.0138821446105,86.3295694292984,86.36191118436966,86.36191118436966
2025-01-10,24,62.40754251723088,47.394787974690516,-33.570690230298815,56.89396091436289,56.70078034849273,55.864401720014754,57.80914821636851
2025-01-11,24,11.422844841621917,0.9304111989405115,-6.230233268496562,11.130240901666049,8.284305485845575,11.419544662533006,11.152844841621906
2025-01-12,24,41.997194117688025,36.688139096359535,-53.875475789938335,37.64094196178198,40.5474925058879,37.64094196178198,37.64094196178198
2025-01-13,24,150.69780610688412,23.16227291479737,138.25214125616282,51.68875044926301,142.66482039269602,142.66482039269602,150.352227432142
2025-01-14,24,103.43741756598048,69.85897400519836,71.44570444347958,99.32935521306408,98.75624211483861,91.62088021162444,103.15105214381715
2025-01-15,24,403.3792300681398,132.96660299138705,376.1558044997968,382.37031485290333,392.89179376544996,388.42558031483327,385.95207077494695
2025-01-16,24,97.79610584504127,70.41532203416767,78.86790097878415,82.9503538797274,83.97620347558521,83.38112211450954,83.15163769450504
2025-01-17,24,95.51161887081683,92.0979669878387,95.51161887081683,92.08278616402976,92.0979669878387,93.2279669878387,95.44189259246244
2025-01-18,24,35.29692617228699,26.341900750391403,20.376985121203585,23.361900750391413,30.771013562888925,31.921765652159507,27.416456561250442
2025-01-19,24,31.11208802343657,25.96650326926482,8.38056026465668,25.442771780321294,24.893010914230413,16.899839872100046,11.198402257016529
2025-01-20,24,737.3725674051503,375.9133753136181,416.4286282036859,551.7468882243469,712.7424869156341,589.7562491161633,712.7424869156341
2025-01-21,24,257.04064290858,256.741764054749,180.85336706099966,204.15221248659867,256.741764054749,253.91064290858003,187.1450875404376
2025-01-22,24,151.53028654224414,98.37659299226135,108.39608354573994,150.0467874376887,151.4477820650216,150.0467874376887,151.4477820650216
2025-01-23,24,109.66714807508009,62.310035817780516,62.79126038381693,92.43516631626923,92.43516631626923,92.05522202150709,92.05522202150709
2025-01-24,24,71.07972462114063,34.50134196310661,49.71814028291416,53.38280297464097,53.42001323901182,51.10856780514446,61.605785263607416
2025-01-25,24,69.17943491692594,-53.582040812930316,42.302063526057424,60.960501950889395,56.70686756582009,51.066263838988945,57.5388519100004
2025-01-26,24,102.67529182487881,-26.297100355946814,54.35391230041259,94.9522293613913,75.91888460284413,94.9522293613913,94.9522293613913
2025-01-27,24,121.0358542970809,18.326460205787768,116.5754399154082,119.78728287885548,119.80090458542324,119.78728287885548,119.80090458542324
2025-01-28,24,129.3525535011364,94.51370293711932,98.38640363557161,128.39446120195922,117.81979521517223,115.56979521517223,128.83254435392388
2025-01-29,24,88.61326368887443,70.27453867143477,72.1226222089342,87.15307175122146,86.9616471672957,86.9616471672957,87.6408749902431
2025-01-30,24,91.92287504347898,76.9758021861423,48.04693170530312,91.01091536597842,90.49091536597844,73.79948439190854,72.92456575298421
2025-01-31,24,69.15539074104515,61.52279346418925,2.5296844442519557,65.78922443711576,68.95542614784424,68.5799332356041,68.71788072152023
2025-02-01,24,55.398555824523555,30.659299624072247,3.1104814087899193,47.86672057150608,45.45853875332426,54.6493068408642,54.32176671475737
2025-02-02,24,44.07619437214095,13.859103267814739,-0.582936357208439,24.091980833834278,24.091980833834278,20.031575219388806,22.358842626644673
2025-02-03,24,173.42905337577142,87.836674789026,110.46803857774916,150.47996739373076,154.85107063100946,157.55224012100348,157.55224012100348
2025-02-04,24,113.44623339054309,98.54411217136652,84.00525878060591,97.8564867763677,97.51497873772442,94.81135270335147,103.79652297968298
2025-02-05,24,94.27654528213542,69.50388237904079,93.76851754400568,91.39199982758996,91.39199982758996,74.57897265860151,84.7559270690422
2025-02-06,24,95.20285183844292,60.28353868670274,34.94287188714169,93.38099290436212,94.40153891901353,95.01266206018884,93.43775598469124
2025-02-07,24,62.32235753744115,51.93765175029283,39.68050035600264,52.93027611119406,52.93027611119406,51.56545454545453,47.67085418218741
2025-02-08,24,90.1872684922468,-68.32146337293103,65.787784018142,74.199235223318,69.54573627572324,79.51968749137075,78.67486024395072
2025-02-09,24,53.70420097762687,34.84038132294046,39.66757964058681,40.880810257371266,52.675698329846796,53.14317053251342,51.482763353535915
2025-02-10,24,100.43041386502827,52.73800148304689,48.83787329641406,97.923047546542,97.70061547594995,97.923047546542,97.923047546542
2025-02-11,24,113.47546472090838,46.4512675254401,66.5439611906791,83.03433660178948,79.87657144601465,82.35651082344498,103.49954563331362
2025-02-12,24,62.263702685594524,42.1046784457219,55.54393914539844,53.06953914539844,55.73539913291634,51.9803974653984,55.54393914539844
2025-02-13,24,103.32666009688987,67.46066853024257,76.49165438368337,87.50161175306476,101.49176224958194,87.0837314837008,101.55368126444799
2025-02-14,24,261.4020563592944,162.65924704968333,147.67433731138266,260.5017291008172,231.81733202955664,231.7460481612363,231.81733202955664
2025-02-15,24,51.694973429364225,41.34633314017553,29.131964305716032,40.38847797379391,51.001856889756695,50.48954059047743,47.72084088056968
2025-02-16,24,24.757668635570923,20.40606284288711,3.1612780132397873,9.445853282071852,9.445853282071852,7.339600715923389,7.736942278227254
2025-02-17,24,212.34958213910286,184.14105425300585,82.03658029845005,203.29589229696015,206.20466237645283,206.20466237645283,201.4673424590312
2025-02-18,24,137.9996091130094,133.0892451999252,77.66482632096536,128.34387611613002,130.44452122441928,128.34387611613002,129.84347749412737
2025-02-19,24,102.2994769363639,89.97306431954794,50.86700278310067,70.86643367889238,71.40502290620127,70.82401771945534,82.56643367889237
2025-02-20,24,42.259241297965076,35.54857525168167,24.188010153520935,14.000421531132062,28.175976657189352,28.175976657189352,22.896712344027478
2025-02-21,24,112.82233450738073,39.129544054280515,22.371328296674122,111.69336521552225,111.63395482327655,111.63395482327655,107.14143205162902
2025-02-22,24,66.7143410043591,-35.612860979799166,46.404460503520895,50.4053778454729,43.16605243972374,49.64495768465544,50.51550856803196
2025-02-23,24,130.50991582060266,31.09342409016243,91.39013171415714,125.36501477079082,121.46207148566958,97.99134655730028,95.83396473911844
2025-02-24,24,104.35723746374194,10.510719082505418,33.85830331290765,62.36505278828061,62.36505278828061,84.24505278828062,62.08963539061078
2025-02-25,24,179.62894369299335,49.66978417075241,76.89369055646262,161.06424392374248,175.49479369983254,176.02843643559817,140.40551942335156
2025-02-26,24,66.93822439362636,53.49937856447782,44.49198808004675,50.40360673872887,66.037249268216,66.037249268216,65.76135429638377
2025-02-27,24,83.44986633796522,68.25545929910486,57.741480018703655,72.20905877798457,69.70872420988037,72.65198260479816,73.37373673068215
2025-02-28,24,57.03238910961274,56.04566143608271,27.624719689586698,40.60786316747533,52.549297799719085,47.785916066787166,53.97566143608272
2025-03-01,24,51.054775329067496,37.816335590977324,26.482393284960928,50.10976244660205,42.85245335569296,50.12808504090364,42.83917895013802
2025-03-02,24,225.755096729759,203.39119438692094,112.65767267927961,222.93146644234534,222.93146644234534,201.52676309563887,225.755096729759
2025-03-03,24,310.13396442650753,189.95581850672698,45.220410128297274,309.3331544292363,302.07276043365056,310.13396442650753,302.11396442650755
2025-03-04,24,274.6762282903158,274.3567936424973,74.02838055651429,272.4241366050661,272.4241366050661,273.3566043364779,273.3566043364779
2025-03-05,24,261.9473224567221,261.8122311519177,23.17648476154791,261.0869878532713,261.0711469936446,261.0711469936446,261.0869878532713
2025-03-06,24,283.73561804948133,283.4386986191302,153.00546946104757,283.0908666532809,283.0815791260756,282.2321531442274,283.517501880266
2025-03-07,24,305.45230627080264,305.0510850955337,203.45613688372478,305.45230627080264,304.35804748686417,305.45230627080264,269.8426698222231
2025-03-08,24,269.618275227434,262.2282812050212,240.98264339238773,262.49229553213337,266.9447382443347,266.6010997377387,266.6010997377387
2025-03-09,24,209.56941499681315,206.21872976095304,201.5930258809398,206.89733841542005,206.89733841542005,202.38515845446994,203.63280904658293
2025-03-10,24,137.49652838797536,73.44733293957204,137.34032906679536,137.29327226228853,137.34032906679536,136.49726906604522,136.5562870798316
2025-03-11,24,130.5720118365857,115.5454770406744,115.5454770406744,115.0454330649649,115.0996103069958,115.68830795148315,115.0454330649649
2025-03-12,24,121.97490162910387,120.52085396104525,115.66527015004621,118.62447592555176,116.68357033422447,121.23483081550566,95.79087250205909
2025-03-13,24,81.33323588659115,79.43122310100438,57.587040977322886,79.94183061764895,79.80125850780351,68.36138541217429,70.15477344012854
2025-03-14,24,53.565021985602925,48.465258579974474,52.25145351252826,52.09672726254861,52.53985497302865,50.79783448240816,51.771555200417424
2025-03-15,24,102.75354977825126,47.45685269053746,82.93242863208229,87.70669602073771,97.81918872361786,87.70669602073771,90.81175125374082
2025-03-16,24,199.7872868794511,198.46793776805637,190.8266542852708,189.87509609605982,189.87509609605982,191.19444520745455,198.46793776805637
2025-03-17,24,232.38737545241074,155.3478394423369,231.78664202067884,176.72213207887444,184.63502826360036,232.33882701474667,224.95338400605308
2025-03-18,24,278.71360023238043,274.8402319535232,204.9333913462999,276.63105563501887,275.9657395306961,276.63105563501887,275.47721335810235
2025-03-19,24,375.25997114345694,375.25997114345694,215.57697633336812,375.25997114345694,365.4523664682382,365.58833384670095,349.10621286668146
2025-03-20,24,393.53578303259525,393.53578303259525,260.4502648978221,373.07005345778646,369.9976547348058,390.1305411909634,365.5340009464494
2025-03-21,24,249.46253270208814,247.7844898510943,141.6857848674897,248.00430473686237,238.42431560704574,239.53147142456965,245.31013381471485
2025-03-22,24,94.54127063403519,80.49496026404316,78.74101571643156,74.1444082718046,74.20069326092248,94.337226475737,87.2588107362709
2025-03-23,24,122.47706276137401,105.57746099784191,107.93204970927329,109.93722072086763,99.71608166580837,99.42038561944271,102.1985803720291
2025-03-24,24,138.21735458602987,56.918414762118104,124.70806466477234,126.15492068324846,106.31893953093319,136.25807539715308,132.80347445296243
2025-03-25,24,127.22438765201258,78.05008160316082,116.62404803481161,110.44386774156257,110.44386774156257,110.44386774156257,115.34066179481826
2025-03-26,24,90.06783992416466,85.37143521810317,65.92497147787526,88.94043971205784,83.95073172812843,75.13460741363079,88.82854308026495
2025-03-27,24,242.12314802107727,229.35677932925879,218.5767895642091,183.48130364813468,185.0663749578387,225.31568329039462,242.12314802107727
2025-03-28,24,261.1465813228567,253.443776625245,257.3579084809415,261.1465813228567,261.1465813228567,261.1465813228567,261.0621538391799
2025-03-29,24,228.95842899491717,141.45345597760806,165.4029202566364,213.11420455823364,228.95842899491717,228.95842899491717,227.3584976416847
2025-03-30,23,136.84221156171958,130.76342242573986,77.1580369513223,132.49149060671448,132.5949142336496,133.4373548925194,136.84221156171958
2025-03-31,24,183.90442494775058,-7.845345944516174,96.08803206300684,179.72695170197898,175.69604261106988,180.22839759456997,179.1449617494325
2025-04-01,24,277.67228260546744,160.1625008801765,226.94041107350577,277.4196900095052,276.5501804549365,277.5681497246808,277.5681497246808
2025-04-02,24,288.61972239170404,288.18644517556606,266.31231955782164,288.3250544830996,288.3342012901958,279.45443724094036,288.45507986397376
2025-04-03,24,309.3601907364577,309.23874414598606,300.35501655838914,308.5811923561079,308.5811923561079,309.3601907364577,309.1379092520109
2025-04-04,24,316.2850004217874,313.3358515838783,246.57897020975167,314.9033047359141,316.2572854823373,316.2678394905251,316.2850004217874
2025-04-05,24,279.09422571624043,274.247994683943,277.30482880801986,275.2021271283015,278.3259440243439,279.09422571624043,279.09422571624043
2025-04-06,24,410.3637244560228,401.9209760883407,381.0432646173507,406.91167029508523,406.5122221931919,407.5721823435128,408.8909339074383
2025-04-07,24,303.7551632903165,291.5694257832246,133.7456731910578,301.2510208035937,301.2510208035937,301.2510208035937,299.7291839566795
2025-04-08,24,287.1999426616426,277.71265480664204,274.10091117126285,287.1999426616426,287.11339979450224,287.11339979450224,279.28410440977837
2025-04-09,24,260.0761082228772,251.3632343227144,249.21431830308381,250.52200213358964,249.24527672710144,249.24527672710144,257.26963592567444
2025-04-10,24,277.56926435684636,268.221370944178,270.7551055884967,272.54134715047985,275.77586793847104,276.6438607749149,276.6438607749149
2025-04-11,24,243.86260134299937,217.635295598476,221.8790769681408,223.14519786772092,243.40779395015812,222.7637842944999,243.40920115124982
2025-04-12,24,314.1798272656579,272.4705460538322,314.1798272656579,306.5813537347439,310.9715828859387,306.5813537347439,310.9715828859387
2025-04-13,24,200.1499832959022,200.1499832959022,163.6773103475152,196.76127427454276,195.98174115777815,196.59297302397403,196.59297302397403
2025-04-14,24,168.4193907230024,104.21114114712553,163.99724360455036,166.3975346507048,166.3975346507048,166.3975346507048,164.6893619542888
2025-04-15,24,208.98120986595234,199.13898008772335,198.72948457003525,199.13898008772335,207.3163926563928,199.2615754468333,205.76714868648372
2025-04-16,24,196.99604090161017,153.81906407885705,187.20705743234973,193.912295068683,196.99604090161017,196.93975285794173,194.39549977955494
2025-04-17,24,61.378842814908324,49.91365885885621,53.277257426144985,49.91365885885621,53.62081042469197,51.38383012447123,61.2507958662589
2025-04-18,24,50.77712451581226,42.93787832367543,45.74755125346195,35.42719795654038,42.59191728446339,49.10924828735427,49.10924828735427
2025-04-19,24,216.45620686522327,205.81428965552428,196.02070154901295,201.53663048256533,198.22519695613,213.11257657780953,213.11257657780953
2025-04-20,24,317.5888457473983,313.5982691930973,280.631228826955,304.1033060271835,304.1033060271835,304.1033060271835,308.4953497795897
2025-04-21,24,195.52257212749768,183.77742361405132,151.76338492980258,161.61995926890336,193.94630468560644,193.94630468560644,184.0967790408257
2025-04-22,24,232.9813218462108,178.2823759633802,220.56859560844558,228.77886536552518,231.56126779612305,232.35608311674366,231.56126779612305
2025-04-23,24,101.38407302564727,86.59153556784523,95.34284288399778,81.39469511266049,95.34284288399778,88.04284288399776,95.34284288399778
2025-04-24,24,40.82310251043767,29.76130119890844,32.41052729280576,29.76130119890844,26.8438187102169,31.31672141647556,29.994964104526915
2025-04-25,24,108.03436926795945,97.62422534241823,105.25958420144178,107.9520480040943,107.9520480040943,98.00698403936381,95.60032277843794
2025-04-26,24,203.83997936263918,188.1471879727244,196.38138529047626,197.282778130406,196.7199282392272,203.12186039289398,203.12186039289398
2025-04-27,24,422.8685790944101,421.17253365601107,422.41554477494446,409.35393063097865,421.5271201871006,421.5271201871006,421.5271201871006
2025-04-28,24,314.76078417591134,312.5585144673826,267.9729003304443,304.20019358337726,305.61226359086623,306.0493965379956,314.43340641029226
2025-04-29,24,259.43826420772183,252.78506684182344,249.52663833927528,253.6878144861783,259.43826420772183,259.33925883505475,259.43826420772183
2025-04-30,24,272.9660397958993,272.80924945026084,225.12361648698507,272.9196021598728,272.80924945026084,272.7902351395878,272.80924945026084
2025-05-01,24,490.9588366675185,469.2487976816881,388.6115860936153,478.22904829535764,490.9588366675185,486.3359457997836,486.3359457997836
2025-05-02,24,216.0585448962381,215.61733106594278,214.46794925707516,214.33215714775116,214.77337097804644,214.33215714775116,214.50862016465177
2025-05-03,24,164.02018312395236,162.2284502619195,163.43321140457755,163.28404330975917,163.28404330975917,163.28404330975917,163.28404330975917
2025-05-04,24,150.6395231658271,147.2453680528487,103.2625503853325,147.05227191904402,147.05227191904402,147.05227191904402,147.2595231658271
2025-05-05,24,109.13529703882827,39.412104631283086,91.12432968581217,106.35272567383868,101.60480485849058,102.57028552751396,102.57028552751396
2025-05-06,24,163.3102417954652,136.26895909726025,160.28529092387083,163.3102417954652,163.3102417954652,160.8564457029748,161.02742063561774
2025-05-07,24,120.94722344505749,120.73825408293828,117.81376930549504,120.73825408293828,120.73825408293828,117.60479994337584,117.60479994337584
2025-05-08,24,152.63231098549508,152.63231098549508,106.09561127515506,152.62175697730723,152.51480969433715,147.59795253412048,147.59795253412048
2025-05-09,24,257.3965607868366,252.42656078683655,220.02965993330585,252.42656078683655,251.7929260162325,251.6993471436337,256.7629260162325
2025-05-10,24,469.38585771099434,414.9296238948292,469.38585771099434,462.35961490277884,469.0484108892019,469.0484108892019,469.0484108892019
2025-05-11,24,701.3332000389574,700.8651086678104,671.7843197411769,701.3332000389574,701.3332000389574,701.3332000389574,701.3332000389574
2025-05-12,24,349.8131583953778,297.2482430888958,314.799326259461,337.01001121292563,340.72108190361286,349.8131583953778,348.45155061903756
2025-05-13,24,350.24060774566465,341.75487371018403,340.94397099140417,341.23033641356756,341.80060774566465,341.75487371018403,350.24060774566465
2025-05-14,24,317.41804223125183,317.28506172808505,299.4912600854282,310.1206101606598,317.41804223125183,310.53010567834787,316.6001056783479
2025-05-15,24,247.5314056233691,247.02209729711552,238.97712377491615,247.24990911698313,247.04405850639506,247.1584973340655,242.26875914084718
2025-05-16,24,245.05683117446415,241.4863207235726,240.2579844965536,237.35265800171408,241.49898553339796,241.4863207235726,241.4863207235726
2025-05-17,24,213.13379877231228,194.49232053648015,202.9243172631299,203.33347505255597,212.163475052556,204.2893586101339,211.3184775123652
2025-05-18,24,228.86296722879433,222.39020914753306,220.05599775101473,227.30576486382802,227.30576486382802,227.30576486382802,228.2846638681445
2025-05-19,24,317.2324185406233,194.43667638459596,317.01078436867874,306.8270041691293,317.2324185406233,316.5958289107548,317.2324185406233
2025-05-20,24,300.531692495751,288.02333801168913,300.28332150306386,300.5062784440347,288.02333801168913,287.04120471483174,300.42333801168917
2025-05-21,24,201.7080586889838,197.35254645972435,197.35254645972435,195.43976150319216,195.6508416669489,199.79527373245162,201.61174597876104
2025-05-22,24,231.74507533304123,216.3050582983597,218.69633868921247,229.76036248038673,228.25163659774574,227.2736806370511,228.56471069662976
2025-05-23,24,239.1587209499575,234.5774270063945,214.41406855326298,226.7628859035253,239.1587209499575,230.88482754962897,239.1587209499575
2025-05-24,24,181.61505269279618,153.55308324496698,172.18268288040312,160.9615661097815,179.04007072126495,179.93154742982176,180.14539903478266
2025-05-25,24,114.76409184477598,102.01123533645462,114.25755573980344,111.32962516899033,109.6645680799268,114.52383880710386,109.6645680799268
2025-05-26,24,283.76848815690266,217.66911039344467,283.7156852914802,283.67139128157453,283.22165266994296,282.64928769790015,282.34724319829564
2025-05-27,24,196.56459718192926,180.81620922482134,175.02393710129738,195.85379176648385,195.85379176648385,195.85379176648385,195.80171219629722
2025-05-28,24,105.66360479304032,48.24062000845802,83.08787471919754,99.67707611816577,99.66769528664611,83.1623625795662,100.49538020214288
2025-05-29,24,154.07067177457657,132.09971937903939,135.02850717015122,141.49601588690342,150.5672799664019,150.5672799664019,141.49601588690342
2025-05-30,24,193.48542950552408,132.45759150083435,189.52618735429323,190.92769091424987,190.79259960944555,190.92769091424987,192.4553583063911
2025-05-31,24,291.61797062992184,267.7402942358163,270.57255143609234,287.5557641553644,291.59920896688254,287.5370024923251,291.59920896688254
2025-06-01,24,206.00958925572542,200.78960261566831,206.00958925572542,204.45305598416127,205.2127757095546,205.6399738169764,205.6399738169764
2025-06-02,24,306.22815102180647,255.67642691266693,254.20994386914003,306.22815102180647,251.07652919822567,259.83055832563304,303.66994386914007
2025-06-03,24,237.76042233552607,204.19197171374154,215.40412067789404,204.14972942140358,237.21651285399292,218.45549748886503,236.57460211956243
2025-06-04,24,244.80661759778525,227.52101659514398,158.88820036392238,225.1342447578638,240.24153167289853,244.79113838577643,244.79113838577643
2025-06-05,24,212.92452291923826,212.85529554758264,152.4130124282176,212.21534985705927,205.18743859540135,204.5422931828952,211.89090557335422
2025-06-06,24,185.3116643337143,166.4919832788773,174.25358362962328,169.60087424777143,185.28562454862097,185.3116643337143,185.28562454862097
2025-06-07,24,168.8724931424594,164.8241247665422,167.85276447455652,168.13469923148207,167.68346313611656,168.13469923148207,168.13469923148207
2025-06-08,24,245.49902826873142,233.042498023343,245.40938955918935,245.35514046045523,241.20677703838751,241.06288923011138,241.06288923011138
2025-06-09,24,202.50553519243334,149.23393215780783,196.18045610583135,191.03160670665898,191.03160670665898,201.6594896837736,200.80520604501726
2025-06-10,24,162.5659038607434,141.00338839826273,135.50417063704694,148.02137179901933,153.75904888086856,148.29411466427726,155.15150250513912
2025-06-11,24,301.9609027070673,165.30852783768546,297.63273959136376,297.8457461613497,297.8457461613497,297.8457461613497,292.2759598082894
2025-06-12,24,270.2358945971035,245.20926525807738,259.11298350727003,245.20926525807738,255.4886604881412,245.30523637253208,269.66298350727
2025-06-13,24,182.17071385684343,177.76170813152012,145.97803604873874,178.76881380883634,178.76881380883634,182.17071385684343,181.7237023580503
2025-06-14,24,247.15613658668863,183.1350369597441,170.09962222523387,220.42195107322954,245.74583965257523,243.54528023609492,237.09195107322955
2025-06-15,24,205.871385045463,182.46130532223373,202.53155261246832,185.74231824399163,205.45122170762733,205.39493671850946,202.261482578947
2025-06-16,24,282.31439368364414,245.94484844731278,265.1324680277645,268.5571269190949,279.98826557961195,279.8421665176814,280.049025078163
2025-06-17,24,343.2259903416367,329.76973521658334,217.43011614813275,331.5851062041811,331.5851062041811,342.60758323976614,342.60758323976614
2025-06-18,24,260.2161777947467,224.63329487280618,228.00623881549774,226.22388082676486,222.10711561698722,228.00623881549774,254.06882432365825
2025-06-19,24,357.6091653217568,311.8601322324886,342.9790586336285,355.653156824864,355.653156824864,355.653156824864,350.52875406899483
2025-06-20,24,289.8538527858823,257.89335979844543,285.00095396514445,287.95311812728545,287.95311812728545,279.1503240219652,268.5968885623625
2025-06-21,24,307.54544492194964,282.80819220464093,286.8682138436668,299.51545314113196,299.51545314113196,298.2561048008067,300.0032563801536
2025-06-22,24,398.2122473290528,398.0624085568073,375.6050565350786,386.26638590953485,388.2782012818157,398.0624085568073,398.0624085568073
2025-06-23,24,229.4388538080443,190.28721501689157,218.03176485013557,193.813985380941,226.32062398675814,212.2953925820327,226.32062398675814
2025-06-24,24,227.03354878919075,185.7132771940655,223.4008136170589,223.2788628073035,223.61021532239127,212.95241797718487,224.99909741903653
2025-06-25,24,327.6100940578151,270.80139315114604,324.6462031143676,319.541559797553,326.24840184940933,321.430567471716,321.430567471716
2025-06-26,24,88.64390005350074,66.23635076374218,65.33579093785609,70.89164780257046,78.83155028395012,67.10164780257045,76.2411182262836
2025-06-27,24,194.31929166989798,184.3671641384929,153.7339722718676,184.73214978025908,194.31929166989798,194.31929166989798,194.31929166989798
2025-06-28,24,191.4991178892997,149.57573862225627,190.11226762276485,190.6311250528558,191.4991178892997,191.4991178892997,190.3987117205487
2025-06-29,24,227.33089064740122,227.33089064740122,224.90547604125388,223.2947239579371,227.33089064740122,223.2947239579371,227.33089064740122
2025-06-30,24,342.96649480476253,255.2265602517729,153.16307846587003,281.00052548042987,341.8199927941954,336.4142994465729,341.8199927941954
2025-07-01,24,611.6678506613418,607.6421143421012,442.0978085567794,478.65402323359217,478.65402323359217,478.65402323359217,467.2746371478127
2025-07-02,24,253.36010636249438,234.17492334483245,179.4212887550602,233.78220499379722,233.78220499379722,230.9058528566869,232.40908150357703
2025-07-03,24,177.2844524911748,116.11635700750855,140.56958110815643,155.0959666763015,177.01415730547882,157.5744524911748,177.2844524911748
2025-07-04,24,240.96609830166705,235.04609830166706,231.3875428284472,234.84416494500644,240.76416494500643,234.22150510704537,235.04609830166706
2025-07-05,24,198.97392044629433,177.6700437937481,198.75864015975208,198.72392044629433,198.72392044629433,198.10438609365735,198.10438609365735
2025-07-06,24,170.2063859599821,105.05262428500725,164.06926393077828,170.2063859599821,169.39047269372483,170.2063859599821,169.39047269372483
2025-07-07,24,120.33197072423496,27.595218992403176,0.18603197938834626,100.40027367547894,96.95134367121372,99.78617243104536,99.78617243104536
2025-07-08,24,94.80082114264127,75.75192288552321,49.72547214042332,91.75636900141758,93.12597040328602,94.00859507202944,94.80082114264127
2025-07-09,24,130.57024995339418,128.9983779881556,81.54712415729978,126.12359503171902,129.099837186868,126.199837186868,129.099837186868
2025-07-10,24,123.64998122455589,119.53771861283622,119.72417275748799,121.24093506674762,119.72417275748799,121.77674731754965,119.92872350817922
2025-07-11,24,117.0612848816979,108.3363938562355,112.57479285107044,116.26976241163194,114.32793028706507,114.32793028706507,114.87201851520459
2025-07-12,24,203.76952318834566,178.28784298736005,184.068564764328,203.76952318834566,203.76952318834566,203.76952318834566,203.76952318834566
2025-07-13,24,209.23944704572318,209.23944704572318,209.23944704572318,209.23944704572318,209.23944704572318,209.23944704572318,209.23944704572318
2025-07-14,24,106.9671564467194,99.56211008596512,70.0959592849383,96.67908238814573,105.15989347040798,105.20042086184927,106.9671564467194
2025-07-15,24,132.34958535669347,132.2679676933742,131.79343134122718,130.96177549602558,130.96177549602558,130.96177549602558,132.34958535669347
2025-07-16,24,61.2313016547039,60.32475456740141,51.97869431654864,58.91397918491677,58.91397918491677,61.2313016547039,61.114503964091824
2025-07-17,24,95.03267422614529,85.52602028632188,76.16021117069116,85.30931131819827,94.78779309216563,95.03267422614529,94.96583217428899
2025-07-18,24,74.98230822234741,71.69101984246196,71.95850332336516,72.70783520731099,72.47331441931982,74.1406618979575,72.03066189795749
2025-07-19,24,189.56846251750406,165.1929169750874,183.299536276253,187.53670507854508,187.53670507854508,186.70929898064048,186.70929898064048
2025-07-20,24,185.4690391434184,171.95126092360726,165.67621128265654,181.2476649595773,180.31896263913228,174.87545568899367,173.88545568899372
2025-07-21,24,45.87933003689281,-3.549760388027835,29.211242114838598,35.03058250573039,29.86157852796007,31.232182505730385,34.48861176734283
2025-07-22,24,185.17792705325823,82.21225174131334,183.90860352451244,183.83824346992688,183.83824346992688,183.24860352451245,183.17824346992685
2025-07-23,24,132.4694137951718,116.66710541158301,117.2181653590973,116.89929359171543,131.60080665897263,131.28193489159077,131.28193489159077
2025-07-24,24,64.10969120934784,50.09570733811336,49.81848644406877,50.21061710028516,50.21061710028516,63.73061710028517,63.73061710028517
2025-07-25,24,35.42567996966473,21.248565908773664,21.258077356784973,21.964576736889747,22.459332653662763,21.964576736889747,21.964576736889747
2025-07-26,24,91.86240458121233,81.64462636140121,72.65984246049521,75.84712313806585,91.64459276134474,91.64459276134474,75.84712313806585
2025-07-27,24,160.8331524146395,157.05378732202826,138.8455933423937,160.8331524146395,160.8331524146395,160.8331524146395,158.8714886042763
2025-07-28,24,53.043129647872235,26.692509864572024,31.359747422627088,44.89068768373379,49.28212422283379,49.28212422283379,49.28212422283379
2025-07-29,24,196.07334433292513,180.3044448193822,194.06787276179645,195.93422843299848,193.50899517221262,193.62334433292511,196.07334433292513
2025-07-30,24,146.0573955551539,142.02109561756453,142.15781778574217,133.11604968873462,133.22319397985757,133.11604968873462,132.82073446762803
2025-07-31,24,105.68133407428506,102.44750534557505,104.60939223091032,99.26729508962596,99.26729508962596,99.26729508962596,99.26729508962596
2025-08-01,24,90.60069299789436,78.92635379442166,77.81612217148216,86.45397239437425,90.27197082287051,89.22119380096392,86.45397239437425
2025-08-02,24,181.95060815507046,163.40470424072862,180.55743804997772,180.94685918246824,180.94685918246824,181.95060815507046,180.94685918246824
2025-08-03,24,173.5074261186746,169.23690136337063,171.743829792981,167.47330503767702,168.02789047341562,168.02789047341562,166.26429414772198
2025-08-04,24,157.98402252557457,127.8009859032604,139.66810978746508,106.58489292025764,104.6065202790853,101.65333194695603,101.6170299769781
2025-08-05,24,199.3123346792051,150.5306868712244,194.48451973317364,181.28883298783003,198.06869653427273,197.40510153858335,197.9898932731369
2025-08-06,24,263.9856670583085,239.7364589674333,257.1155554537129,247.04197964602463,247.04197964602463,247.0771596733174,247.04197964602463
2025-08-07,24,218.68452183739848,218.53696305520302,217.34798449655355,218.68452183739848,218.6700010494073,217.7694412235212,217.7694412235212
2025-08-08,24,227.61562679922355,212.98020955693895,213.60471127943558,214.2541064392387,215.439307486722,214.2541064392387,214.2541064392387
2025-08-09,24,228.64713354524486,181.16028427092164,218.04391295043933,228.31315542144796,228.31315542144796,228.31315542144796,228.31315542144796
2025-08-10,24,292.9548762940754,289.4588164571322,287.3033967998524,287.3033967998524,289.4548762940754,289.4588164571322,292.7421074890086
2025-08-11,24,293.2007840727721,206.384063469252,243.41870744363683,293.2007840727721,288.2589862715889,292.2646013304782,288.2589862715889
2025-08-12,24,222.68647805679888,220.5476484703194,171.88084066572983,222.68647805679888,222.68647805679888,222.68647805679888,222.68647805679888
2025-08-13,24,239.05894233856026,230.38671620410162,225.7027596774447,229.1203039489493,230.38671620410162,229.1203039489493,225.17265458234868
2025-08-14,24,316.2305049308985,312.8512182335481,256.8262539774566,263.51069609117974,263.51069609117974,263.51069609117974,258.68365861834667
2025-08-15,24,193.232390297966,113.80253624351411,174.57363912858264,192.39869920643972,191.98557310993505,192.39869920643972,191.98557310993505
2025-08-16,24,167.68492182228388,162.27927001015212,166.34137477294922,167.68492182228388,167.68492182228388,167.08725537461208,167.08725537461208
2025-08-17,24,172.88125010116616,171.3976153305621,171.37908002719507,170.9773051918909,171.46510843091255,169.46857152199203,169.46857152199203
2025-08-18,24,261.4094611825918,217.51355841314165,261.4094611825918,261.4094611825918,261.4094611825918,261.4094611825918,246.74253309077397
2025-08-19,24,179.55764109246732,178.29948361655838,179.37827924131773,179.55764109246732,178.2788821925757,178.29948361655838,178.793165027384
2025-08-20,24,129.0547634576651,118.55807528858975,92.67104045546361,120.57449176390435,120.57449176390435,120.57449176390435,120.57449176390435
2025-08-21,24,64.25282254074502,57.89724236417426,15.254648437984798,62.13881248468837,63.296432390774086,61.46496750587745,61.46496750587745
2025-08-22,24,184.7037504314154,184.55317991460223,180.47362348966237,184.55619164921993,184.7037504314154,184.55619164921993,179.666243905365
2025-08-23,24,186.37429778507843,175.57365090450062,183.08062681115914,183.04449261288943,183.04449261288943,186.00487935448228,185.71446359465887
2025-08-24,24,200.6736024739756,200.6736024739756,200.6736024739756,200.24530674970225,199.9971332822168,199.6318796498033,199.9971332822168
2025-08-25,24,311.1002392237323,274.99334748475866,311.1002392237323,311.1002392237323,310.47991683848403,311.1002392237323,309.80060458347106
2025-08-26,24,221.29950483987616,204.5547205773065,201.3508033832799,220.23009004663643,220.23009004663643,201.1695485151753,221.29950483987616
2025-08-27,24,238.59787776046,194.31416075727668,199.18281231597342,199.18281231597342,199.15466982141447,199.18281231597342,193.73663603408426
2025-08-28,24,143.12330959833693,120.96368144370422,47.49203030283509,123.90628177017476,134.81921078533776,135.6917280068189,120.82998458845455
2025-08-29,24,114.77087013795727,54.951862505680225,83.22921561375247,113.53545631188686,114.02898987877197,113.41100344733587,114.02898987877197
2025-08-30,24,197.54864446954244,193.09143902165079,189.96307660980958,191.56758714915807,191.9334395784243,189.25378032835837,191.9836023005756
2025-08-31,24,195.51634081415725,166.82904256548892,190.00099853401971,192.2399524454823,192.2399524454823,195.0044601694372,192.67394886370425
2025-09-01,24,289.80763929608463,235.6027362152369,237.00986094318392,283.9211587589796,289.80763929608463,288.5534424066458,230.64773594342435
2025-09-02,24,348.3032495461495,347.1132495461495,252.38631348714853,348.13993783029963,348.13993783029963,348.13993783029963,343.77277123980576
2025-09-03,24,195.5027482812052,136.67827641647074,136.5354866808416,181.3470735180581,195.5027482812052,181.3470735180581,194.12082052110065
2025-09-04,24,434.53935438682055,403.1912529404309,358.86090980409944,409.0300337411356,425.42661344078664,420.17608125482695,420.17608125482695
2025-09-05,24,101.04786132637611,92.0939739036347,100.89050530427473,91.33452647140062,101.04786132637611,91.33452647140062,100.98555046203514
2025-09-06,24,233.511996296524,231.92531569806806,213.50465437255644,231.92663576970364,233.511996296524,232.20806071529307,233.511996296524
2025-09-07,24,275.7756073198195,267.27582759876543,274.98687110791514,274.98687110791514,274.98687110791514,274.98687110791514,274.98687110791514
2025-09-08,24,486.67033473090714,321.1704826626772,486.67033473090714,483.0926585770882,483.0926585770882,372.75900361231413,373.7303598872649
2025-09-09,24,468.2757275214773,371.78807617428805,371.968076174288,344.3778513747696,372.2760944738024,347.9860944738024,379.1656011426608
2025-09-10,24,279.7937097849971,279.4210746135903,277.26653716609235,279.16366064465586,279.4210746135903,262.15182452850075,279.4210746135903
2025-09-11,24,229.9857589488468,169.08883338687593,228.18801992114447,229.92367937866015,229.98443887721123,229.98443887721123,229.98443887721123
2025-09-12,24,251.0105189781391,245.89230345540903,245.74577550386175,248.19368623495973,251.0105189781391,248.19368623495973,248.34021418650696
2025-09-13,24,177.57916691749423,162.77303995520256,167.09007720689345,166.52722731571467,177.57916691749423,166.52854738735022,166.52722731571467
2025-09-14,24,241.85099765394096,219.47841135491132,208.02369566163958,237.93050695405668,237.93050695405668,237.93050695405668,237.93050695405668
2025-09-15,24,117.38064215237418,96.09931229646658,97.8311249553498,116.94671762373397,116.82791117653346,117.2618357051737,116.82791117653346
2025-09-16,24,144.9273314718907,125.5479684644437,126.85625971453413,136.04733147189071,136.04733147189071,126.85625971453413,142.12343300001652
2025-09-17,24,211.58626150033385,187.04663693740684,153.24208637874403,211.50814214505388,211.33787081295677,171.64413713247487,205.99818104711233
2025-09-18,24,224.65087156074074,222.36337551348265,219.71227118535674,222.53697408077144,224.65087156074074,222.45884816059487,222.53697408077144
2025-09-19,24,545.997682940081,504.1435339262897,504.1435339262897,521.8078477903282,522.9188049082127,521.8078477903282,521.8078477903282
2025-09-20,24,215.67979596980246,188.15036713202733,201.84991200398994,213.36715507933297,213.36715507933297,213.36715507933297,213.36715507933297
2025-09-21,24,110.03663495196565,102.25470047771442,107.97129876479681,105.99023903231752,104.46283439142745,105.99023903231752,106.08571824432634
2025-09-22,24,87.92361778231214,63.2945466874897,87.18682675072856,61.97365147199672,79.3280927101586,61.973651471996746,80.86319922195884
2025-09-23,24,131.6406229053368,122.4378149401752,89.39690216188086,130.31204343262843,131.37774585112336,130.96940423833047,130.96940423833047
2025-09-24,24,183.63205582738186,171.63857221051677,164.48587422232478,178.03708720678614,180.7106241898855,176.94353527971896,176.94353527971896
2025-09-25,24,178.059313485029,173.07879669488665,175.19628156704738,171.4963843696549,171.4963843696549,130.80917762599006,172.00911164238215
2025-09-26,24,69.11952007817501,54.28480410814103,49.78921982490732,67.10799882303844,66.727124596433,66.72853179752471,67.62882065297734
2025-09-27,24,133.23636645490836,101.3573453476136,105.53389537303931,129.24013222753882,130.80083428729824,129.24013222753882,130.80083428729824
2025-09-28,24,188.0609762554384,181.47563252864626,117.68233324415138,188.0609762554384,188.0609762554384,188.0609762554384,188.0609762554384
2025-09-29,24,485.2757861603347,429.88445843858847,359.0884294673749,482.5502342543918,481.2902342543917,482.5502342543918,441.88550698166455
2025-09-30,24,422.7247917122581,422.590421313141,354.44480133443824,409.64479171225804,422.7247917122581,412.9130618419469,422.590421313141
