quarter_start,quarter_end,model,train_first_day,train_last_day,train_days,train_days_dropped,forecast_days,seed,n_iter,fit_seconds
2024-10-01,2024-12-31,lstm-reg,2019-01-01,2024-09-30,2092,8,92,0,14,43.606414794921875
2024-10-01,2024-12-31,lstm-reg,2019-01-01,2024-09-30,2092,8,92,1,18,49.04264974594116
2024-10-01,2024-12-31,lstm-reg,2019-01-01,2024-09-30,2092,8,92,2,11,35.20887279510498
2024-10-01,2024-12-31,lstm-rank,2019-01-01,2024-09-30,2092,8,92,0,4,50.28119897842407
2024-10-01,2024-12-31,lstm-rank,2019-01-01,2024-09-30,2092,8,92,1,4,46.469558238983154
2024-10-01,2024-12-31,lstm-rank,2019-01-01,2024-09-30,2092,8,92,2,6,58.11871123313904
2024-10-01,2024-12-31,xgb-reg,2019-01-01,2024-09-30,2092,8,92,0,467,9.321707725524902
2024-10-01,2024-12-31,xgb-reg,2019-01-01,2024-09-30,2092,8,92,1,223,4.98952317237854
2024-10-01,2024-12-31,xgb-reg,2019-01-01,2024-09-30,2092,8,92,2,571,10.41920804977417
2024-10-01,2024-12-31,xgb-rank,2019-01-01,2024-09-30,2092,8,92,0,83,10.0257887840271
2024-10-01,2024-12-31,xgb-rank,2019-01-01,2024-09-30,2092,8,92,1,88,9.68217396736145
2024-10-01,2024-12-31,xgb-rank,2019-01-01,2024-09-30,2092,8,92,2,151,15.026850700378418
2025-01-01,2025-03-31,lstm-reg,2019-01-01,2024-12-31,2184,8,90,0,7,27.84559917449951
2025-01-01,2025-03-31,lstm-reg,2019-01-01,2024-12-31,2184,8,90,1,16,51.90165996551514
2025-01-01,2025-03-31,lstm-reg,2019-01-01,2024-12-31,2184,8,90,2,11,39.65625214576721
2025-01-01,2025-03-31,lstm-rank,2019-01-01,2024-12-31,2184,8,90,0,5,55.23254871368408
2025-01-01,2025-03-31,lstm-rank,2019-01-01,2024-12-31,2184,8,90,1,3,45.20754432678223
2025-01-01,2025-03-31,lstm-rank,2019-01-01,2024-12-31,2184,8,90,2,8,68.08860802650452
2025-01-01,2025-03-31,xgb-reg,2019-01-01,2024-12-31,2184,8,90,0,71,2.3634934425354004
2025-01-01,2025-03-31,xgb-reg,2019-01-01,2024-12-31,2184,8,90,1,750,13.29978346824646
2025-01-01,2025-03-31,xgb-reg,2019-01-01,2024-12-31,2184,8,90,2,48,1.919701099395752
2025-01-01,2025-03-31,xgb-rank,2019-01-01,2024-12-31,2184,8,90,0,135,13.727044105529785
2025-01-01,2025-03-31,xgb-rank,2019-01-01,2024-12-31,2184,8,90,1,97,10.837729454040527
2025-01-01,2025-03-31,xgb-rank,2019-01-01,2024-12-31,2184,8,90,2,73,8.576465129852295
2025-04-01,2025-06-30,lstm-reg,2019-01-01,2025-03-31,2274,8,91,0,19,57.26388502120972
2025-04-01,2025-06-30,lstm-reg,2019-01-01,2025-03-31,2274,8,91,1,28,80.46031045913696
2025-04-01,2025-06-30,lstm-reg,2019-01-01,2025-03-31,2274,8,91,2,17,53.401142835617065
2025-04-01,2025-06-30,lstm-rank,2019-01-01,2025-03-31,2274,8,91,0,6,60.745972633361816
2025-04-01,2025-06-30,lstm-rank,2019-01-01,2025-03-31,2274,8,91,1,5,54.753014087677
2025-04-01,2025-06-30,lstm-rank,2019-01-01,2025-03-31,2274,8,91,2,15,109.90944600105286
2025-04-01,2025-06-30,xgb-reg,2019-01-01,2025-03-31,2274,8,91,0,44,2.1062018871307373
2025-04-01,2025-06-30,xgb-reg,2019-01-01,2025-03-31,2274,8,91,1,40,1.9481608867645264
2025-04-01,2025-06-30,xgb-reg,2019-01-01,2025-03-31,2274,8,91,2,50,2.0999391078948975
2025-04-01,2025-06-30,xgb-rank,2019-01-01,2025-03-31,2274,8,91,0,332,27.645262241363525
2025-04-01,2025-06-30,xgb-rank,2019-01-01,2025-03-31,2274,8,91,1,152,15.744407415390015
2025-04-01,2025-06-30,xgb-rank,2019-01-01,2025-03-31,2274,8,91,2,126,12.913196802139282
2025-07-01,2025-09-30,lstm-reg,2019-01-01,2025-06-30,2365,8,92,0,8,31.873353958129883
2025-07-01,2025-09-30,lstm-reg,2019-01-01,2025-06-30,2365,8,92,1,17,51.92906188964844
2025-07-01,2025-09-30,lstm-reg,2019-01-01,2025-06-30,2365,8,92,2,8,32.6288275718689
2025-07-01,2025-09-30,lstm-rank,2019-01-01,2025-06-30,2365,8,92,0,8,72.61338424682617
2025-07-01,2025-09-30,lstm-rank,2019-01-01,2025-06-30,2365,8,92,1,10,86.49956798553467
2025-07-01,2025-09-30,lstm-rank,2019-01-01,2025-06-30,2365,8,92,2,9,79.93602776527405
2025-07-01,2025-09-30,xgb-reg,2019-01-01,2025-06-30,2365,8,92,0,195,4.638354301452637
2025-07-01,2025-09-30,xgb-reg,2019-01-01,2025-06-30,2365,8,92,1,293,7.388221025466919
2025-07-01,2025-09-30,xgb-reg,2019-01-01,2025-06-30,2365,8,92,2,252,5.926775217056274
2025-07-01,2025-09-30,xgb-rank,2019-01-01,2025-06-30,2365,8,92,0,132,14.251904249191284
2025-07-01,2025-09-30,xgb-rank,2019-01-01,2025-06-30,2365,8,92,1,381,31.76022458076477
2025-07-01,2025-09-30,xgb-rank,2019-01-01,2025-06-30,2365,8,92,2,13,4.546597719192505
