quarter_start,strategy,days,profit_eur_per_mw,mean_daily_profit_eur,capture_rate,rmse_eur_mwh,mae_eur_mwh,spearman_rho_mean
2024-10-01,S-perfect,92,14076.400684733948,153.00435526884726,1.0,0.0,0.0,1.0
2024-10-01,S-naive-1d,92,10170.784504179961,110.55200548021696,0.7225415595913178,62.60474573357659,37.719760072430965,0.65407219202695
2024-10-01,S-naive-7d,92,9820.494065329995,106.74450071010864,0.6976566158691729,86.42057921843079,47.16566772295157,0.666124201811728
2024-10-01,S-xgb-reg,92,12701.573958929685,138.06058651010525,0.9023310889910031,41.71496734373083,20.796277017803178,0.8945664862367282
2024-10-01,S-xgb-rank,92,12814.377877644041,139.28671606134827,0.910344779510391,41.82632893122536,20.682554298777312,0.9203632133579432
2024-10-01,S-lstm-reg,92,12738.02780006747,138.45682391377684,0.9049208022248214,41.58837154927935,20.99469017656136,0.9051835405493833
2024-10-01,S-lstm-rank,92,12931.991715325734,140.5651273404971,0.918700170942893,41.53046964612336,20.911976774415216,0.9244280912685451
2025-01-01,S-perfect,90,12647.864576571867,140.5318286285763,1.0,0.0,0.0,1.0
2025-01-01,S-naive-1d,90,8508.293642712562,94.53659603013958,0.6727059410861187,45.74598292766331,29.487598425196854,0.6772355311520468
2025-01-01,S-naive-7d,90,7970.336386757823,88.55929318619803,0.6301724957999304,58.83726486524168,42.87577582213987,0.6830521194045512
2025-01-01,S-xgb-reg,90,11416.321982694702,126.84802202994113,0.9026284171196457,30.712749700414655,18.628581181867858,0.9152844346941519
2025-01-01,S-xgb-rank,90,11739.449893343424,130.43833214826026,0.9281764381861635,30.411377865626633,18.59916155650032,0.9337870962888359
2025-01-01,S-lstm-reg,90,11699.726676376507,129.9969630708501,0.9250357327551062,29.153240268182756,17.267215978767418,0.9265666354836989
2025-01-01,S-lstm-rank,90,11732.96563972463,130.36628488582923,0.9276637624234261,29.18639656488992,17.1727665846021,0.9376717932322522
2025-04-01,S-perfect,91,22348.903671646298,245.5923480400692,1.0,0.0,0.0,1.0
2025-04-01,S-naive-1d,91,20147.74926834159,221.40383811364387,0.9015095131446078,37.16251278077572,25.4905173992674,0.8474980255879195
2025-04-01,S-naive-7d,91,20189.19037394247,221.85923487848868,0.9033637922721095,40.412715532435904,27.423028846153844,0.8849925110056058
2025-04-01,S-xgb-reg,91,21548.388948407413,236.79548294953202,0.964181029414231,24.132757519333516,16.07950730906564,0.9534660720461781
2025-04-01,S-xgb-rank,91,21928.661116014144,240.97429797817742,0.9811962787165569,24.117870328497137,16.09682977093053,0.9666209867921781
2025-04-01,S-lstm-reg,91,21819.97955534644,239.77999511369714,0.9763333305261458,20.260665096245777,14.84854117146427,0.9604209763283945
2025-04-01,S-lstm-rank,91,22067.856931356877,242.50392232260305,0.9874245849184101,20.120706657813397,14.703711238784996,0.9687923494111708
2025-07-01,S-perfect,92,18445.883672257765,200.49873556801919,1.0,0.0,0.0,1.0
2025-07-01,S-naive-1d,92,16288.132593871835,177.0449194986069,0.8830226235443984,38.22580944702721,23.227336956521743,0.8586488370901183
2025-07-01,S-naive-7d,92,16126.053982057067,175.28319545714203,0.8742359145585594,44.97724851133473,26.51004981884058,0.8887781810951405
2025-07-01,S-xgb-reg,92,17529.031017671048,190.53294584425052,0.9502949996390986,19.98675834843488,12.513086297074535,0.9458141426363847
2025-07-01,S-xgb-rank,92,17753.30788861554,192.97073791973415,0.9624536402837754,19.69601105718743,12.323808155522842,0.959158182942688
2025-07-01,S-lstm-reg,92,17396.428380715824,189.09161283386766,0.9431062609854631,20.906765758201466,13.559025860267669,0.9486927600734032
2025-07-01,S-lstm-rank,92,17453.676825663028,189.7138785398155,0.946209850163644,20.626707522004033,13.402272715807605,0.9608785371198766
