model,config,seed,max_depth,learning_rate,min_child_weight,subsample,colsample_bytree,reg_lambda,n_iter,spearman_rho_mean,rmse_eur_mwh,mae_eur_mwh,fit_seconds,selected
xgb-reg,0,0,9,0.022438850601879466,13,0.6163894095744779,0.5082638177642645,4.231949517477536,491.0,0.9331287897604317,31.124540880733406,17.917288967551787,19.766651153564453,False
xgb-reg,1,0,8,0.061553299914552835,19,0.8917986243935994,0.7718124957327115,7.41557527195705,313.0,0.9238444453242082,31.23112988684307,17.795363700817138,10.596684217453003,False
xgb-reg,2,0,5,0.01008237556829487,17,0.9429617106350278,0.5167927876527322,2.879458958733987,755.0,0.9298404904821609,31.30400981653771,18.153473496055163,8.888501644134521,False
xgb-reg,3,0,9,0.13274606911924353,4,0.8165844880996367,0.6498559452686924,0.7004456498012456,29.0,0.9106644518581838,31.26808691365843,18.212822976027994,4.0333545207977295,False
xgb-reg,4,0,6,0.014510964200795782,1,0.8682497658774522,0.823594755787125,1.7012581665586322,455.0,0.925758225049255,30.956528902777876,17.880303057423735,9.764529705047607,False
xgb-reg,5,0,9,0.19833530958985796,8,0.992334135510492,0.8427709922403473,1.9994868512695645,51.0,0.8980146079481176,31.963024379006317,18.606712623001506,5.165768146514893,False
xgb-reg,6,0,9,0.03206257796820209,14,0.6540386020089645,0.8607441700970409,1.1238507634792625,325.0,0.9222645592189926,30.947967918853617,17.620435977411415,18.86859965324402,False
xgb-reg,7,0,6,0.04286337608806726,7,0.9557951337396001,0.9670217579781248,0.5195057914303153,387.0,0.9235001760688837,30.81160757107532,17.67803586946122,41.299530029296875,False
xgb-reg,8,0,8,0.02622779209954736,12,0.8377200120798787,0.6689556127535666,0.6070689229520897,502.0,0.9278740190889839,30.654844015365722,17.57614427648643,108.9065408706665,False
xgb-reg,9,0,5,0.019748715023413424,18,0.8492748578744169,0.5420076717911924,4.626880631380498,649.0,0.9293997407081354,31.173989303427426,18.179156877419892,8.328730583190918,False
xgb-reg,10,0,6,0.020484568747597104,16,0.9505936923242815,0.5292840174025972,0.4701474891667909,736.0,0.929695945333695,30.835535236375005,17.87190534759414,86.42371153831482,False
xgb-reg,11,0,7,0.03853940667089836,4,0.9185297081149177,0.6153211044968737,0.1270698748322714,467.0,0.9251472500333007,30.591944151273154,17.687236697380726,21.559309482574463,False
xgb-reg,12,0,7,0.01812472498078849,9,0.6363012182476487,0.7901661929934254,0.395723886409229,450.0,0.9258606893925615,30.92558989687147,17.858130743118355,23.27993869781494,False
xgb-reg,13,0,10,0.018179233889358184,14,0.9768452442025991,0.6825550841224143,0.16255134193340304,656.0,0.9283611685084788,30.923901279689318,17.769407986698457,44.680368185043335,False
xgb-reg,14,0,7,0.16078883338204236,13,0.7761508618863135,0.9772952468453686,0.9995203193841148,70.0,0.9132220023105883,32.03725517589575,18.470720652962658,3.2691168785095215,False
xgb-reg,11,1,7,0.03853940667089836,4,0.9185297081149177,0.6153211044968737,0.1270698748322714,223.0,0.9253131168423031,30.686512873680357,17.760404052457055,8.62736201286316,False
xgb-reg,11,2,7,0.03853940667089836,4,0.9185297081149177,0.6153211044968737,0.1270698748322714,571.0,0.928320459576205,31.091335697583133,17.77007324654538,16.57964038848877,False
xgb-reg,11,avg,7,0.03853940667089836,4,0.9185297081149177,0.6153211044968737,0.1270698748322714,,0.928241680825616,30.641271201340007,17.590159459500992,,True
xgb-reg,8,1,8,0.02622779209954736,12,0.8377200120798787,0.6689556127535666,0.6070689229520897,337.0,0.9264193094447408,31.149126855318784,17.59299130916528,15.521941184997559,False
xgb-reg,8,2,8,0.02622779209954736,12,0.8377200120798787,0.6689556127535666,0.6070689229520897,396.0,0.9254180177816856,30.978663599614134,17.713242210749332,17.92501950263977,False
xgb-reg,8,avg,8,0.02622779209954736,12,0.8377200120798787,0.6689556127535666,0.6070689229520897,,0.9280033748276839,30.845853100808192,17.543803303371323,,False
xgb-reg,7,1,6,0.04286337608806726,7,0.9557951337396001,0.9670217579781248,0.5195057914303153,155.0,0.9250090097316617,31.024905356343794,18.036808062718254,4.664316177368164,False
xgb-reg,7,2,6,0.04286337608806726,7,0.9557951337396001,0.9670217579781248,0.5195057914303153,151.0,0.9236610319287152,31.06880384551845,17.91957848361673,4.663454294204712,False
xgb-reg,7,avg,6,0.04286337608806726,7,0.9557951337396001,0.9670217579781248,0.5195057914303153,,0.9259422619103701,30.845793362893524,17.75219489997405,,False
