model,config,seed,max_depth,learning_rate,min_child_weight,subsample,colsample_bytree,reg_lambda,n_iter,spearman_rho_mean,fit_seconds,selected
xgb-rank,0,0,9,0.022438850601879466,13,0.6163894095744779,0.5082638177642645,4.231949517477536,72.0,0.9412256571419402,11.694768190383911,False
xgb-rank,1,0,8,0.061553299914552835,19,0.8917986243935994,0.7718124957327115,7.41557527195705,74.0,0.9415005680997162,9.816575765609741,False
xgb-rank,2,0,5,0.01008237556829487,17,0.9429617106350278,0.5167927876527322,2.879458958733987,87.0,0.9380189194729514,5.868899345397949,False
xgb-rank,3,0,9,0.13274606911924353,4,0.8165844880996367,0.6498559452686924,0.7004456498012456,83.0,0.9429576456386469,14.182374238967896,False
xgb-rank,4,0,6,0.014510964200795782,1,0.8682497658774522,0.823594755787125,1.7012581665586322,353.0,0.9397003696643439,20.774834156036377,False
xgb-rank,5,0,9,0.19833530958985796,8,0.992334135510492,0.8427709922403473,1.9994868512695645,202.0,0.9430797255129778,66.09216952323914,False
xgb-rank,6,0,9,0.03206257796820209,14,0.6540386020089645,0.8607441700970409,1.1238507634792625,284.0,0.9432583656368283,164.4847867488861,False
xgb-rank,7,0,6,0.04286337608806726,7,0.9557951337396001,0.9670217579781248,0.5195057914303153,359.0,0.9424832376134599,70.98419046401978,False
xgb-rank,8,0,8,0.02622779209954736,12,0.8377200120798787,0.6689556127535666,0.6070689229520897,138.0,0.9418883038693908,14.99478554725647,False
xgb-rank,9,0,5,0.019748715023413424,18,0.8492748578744169,0.5420076717911924,4.626880631380498,430.0,0.9406987069893902,21.600794792175293,False
xgb-rank,10,0,6,0.020484568747597104,16,0.9505936923242815,0.5292840174025972,0.4701474891667909,114.0,0.939413759278092,7.810995578765869,False
xgb-rank,11,0,7,0.03853940667089836,4,0.9185297081149177,0.6153211044968737,0.1270698748322714,75.0,0.940486808219004,7.904031276702881,False
xgb-rank,12,0,7,0.01812472498078849,9,0.6363012182476487,0.7901661929934254,0.395723886409229,330.0,0.9416514537297676,30.48394465446472,False
xgb-rank,13,0,10,0.018179233889358184,14,0.9768452442025991,0.6825550841224143,0.16255134193340304,134.0,0.9421060341039368,35.32194662094116,False
xgb-rank,14,0,7,0.16078883338204236,13,0.7761508618863135,0.9772952468453686,0.9995203193841148,64.0,0.9427859088454416,7.080101728439331,False
xgb-rank,6,1,9,0.03206257796820209,14,0.6540386020089645,0.8607441700970409,1.1238507634792625,194.0,0.9429975052406696,31.305617809295654,False
xgb-rank,6,2,9,0.03206257796820209,14,0.6540386020089645,0.8607441700970409,1.1238507634792625,270.0,0.9432744094942872,41.96179270744324,False
xgb-rank,6,avg,9,0.03206257796820209,14,0.6540386020089645,0.8607441700970409,1.1238507634792625,,0.9434202962896832,,False
xgb-rank,5,1,9,0.19833530958985796,8,0.992334135510492,0.8427709922403473,1.9994868512695645,148.0,0.9439328306185314,22.21228337287903,False
xgb-rank,5,2,9,0.19833530958985796,8,0.992334135510492,0.8427709922403473,1.9994868512695645,65.0,0.9431046267366697,13.353092193603516,False
xgb-rank,5,avg,9,0.19833530958985796,8,0.992334135510492,0.8427709922403473,1.9994868512695645,,0.9440252682806042,,False
xgb-rank,3,1,9,0.13274606911924353,4,0.8165844880996367,0.6498559452686924,0.7004456498012456,88.0,0.9437503559839692,16.4613618850708,False
xgb-rank,3,2,9,0.13274606911924353,4,0.8165844880996367,0.6498559452686924,0.7004456498012456,151.0,0.9441079057234272,20.968575716018677,False
xgb-rank,3,avg,9,0.13274606911924353,4,0.8165844880996367,0.6498559452686924,0.7004456498012456,,0.9445322642425281,,True
