model,config,seed,hidden,layers,n_iter,spearman_rho_mean,rmse_eur_mwh,mae_eur_mwh,fit_seconds,selected
lstm-reg,0,0,32,1,22.0,0.913281745464121,29.83977471231181,17.316469640009487,40.9495313167572,False
lstm-reg,1,0,32,2,13.0,0.9149293622235503,31.344987280478385,18.19753463475052,46.02545213699341,False
lstm-reg,2,0,64,1,14.0,0.9228495278431226,30.45740794868302,17.566147210956384,40.86396861076355,False
lstm-reg,3,0,64,2,15.0,0.9275027616070975,30.322952521914196,18.181220431897092,77.5723443031311,False
lstm-reg,4,0,128,1,14.0,0.9285954786494282,29.705848913268206,17.03311176661471,60.97996234893799,False
lstm-reg,5,0,128,2,15.0,0.925574327854168,30.854896350328207,17.897962956188653,148.59329271316528,False
lstm-reg,4,1,128,1,18.0,0.9261854808654817,30.190237681718163,18.09575901550977,78.85126042366028,False
lstm-reg,4,2,128,1,11.0,0.9317208710901788,30.145101027791725,18.02941332986089,53.876166582107544,False
lstm-reg,4,avg,128,1,,0.9343102352073223,29.37997976019891,17.117017105013282,,True
