model,config,seed,hidden,layers,n_iter,spearman_rho_mean,fit_seconds,selected
lstm-rank,0,0,32,1,21.0,0.9455872895962021,41.325968503952026,False
lstm-rank,1,0,32,2,14.0,0.9442978368455388,49.00973844528198,False
lstm-rank,2,0,64,1,15.0,0.9454372578438762,43.46929597854614,False
lstm-rank,3,0,64,2,13.0,0.9428737579532777,72.57850313186646,False
lstm-rank,4,0,128,1,10.0,0.945800540568022,53.17940664291382,False
lstm-rank,5,0,128,2,4.0,0.946600473597318,64.91694951057434,False
lstm-rank,5,1,128,2,4.0,0.9464089749651323,63.898571729660034,False
lstm-rank,5,2,128,2,6.0,0.9465657611739258,84.5929696559906,False
lstm-rank,5,avg,128,2,,0.9479138493895113,,True
