group,metric,fits,rank_corr_with_profit,p_value
all fits,vector_rmse_eur_mwh,58,-0.5917438247869822,9.985737716261446e-07
all fits,vector_spearman_rho_mean,58,0.8714817435171799,5.695341988304136e-19
lstm-rank,vector_rmse_eur_mwh,8,-0.7619047619047621,0.028004939153071805
lstm-rank,vector_spearman_rho_mean,8,0.5952380952380953,0.11952980613879269
lstm-reg,vector_rmse_eur_mwh,8,-0.07142857142857144,0.8665262706759088
lstm-reg,vector_spearman_rho_mean,8,0.5000000000000001,0.2070312499999999
xgb-rank,vector_rmse_eur_mwh,21,-0.40389610389610386,0.06939949544788349
xgb-rank,vector_spearman_rho_mean,21,0.06623376623376624,0.7754535475659063
xgb-reg,vector_rmse_eur_mwh,21,-0.36103896103896105,0.10784449874176319
xgb-reg,vector_spearman_rho_mean,21,0.7688311688311688,4.6558420458817486e-05
