delivery_day,lambda 0,lambda 0.5,lambda 1,lambda 2,lambda 5,S-perfect,S-xgb-reg
2025-10-01,341.745636429484,348.5670988510678,347.593945281399,307.0193195939211,296.36052798505324,386.01663061847165,386.01663061847165
2025-10-02,188.95377312661142,188.74153548538882,187.92013489424068,169.4342205234081,169.1232159160175,190.3802728060006,158.5397687001603
2025-10-03,153.9627531265124,129.86277877702136,129.86277877702136,137.020567036796,137.3720235652996,174.40663290172964,153.96275312651244
2025-10-04,-13.226628402253418,-12.70096339196419,0.0,0.0,0.0,0.0,-15.97037179458542
2025-10-05,31.111304047166563,29.35713064712852,27.608439868913415,16.07989638922917,0.0,34.51604209920107,27.842402823878096
2025-10-06,150.67105740494407,151.31022310182323,138.79883994610236,123.15073697269973,118.18114215023674,156.38838870785133,149.98605740494406
2025-10-07,191.1031354668882,259.6224628034317,258.27013060994466,258.0420482908605,235.29649689337674,279.59380593544324,266.0019593334578
2025-10-08,149.8126039397641,141.96402945447343,134.1478926367431,128.13157236261847,126.31207555951673,150.58793833215023,150.2195592779178
2025-10-09,68.71023473395728,65.63906048126876,62.16126401475218,58.16693495860264,57.0668466853659,74.83037691744272,68.74736174870746
2025-10-10,48.84029188906027,49.0755020427047,49.07653832336217,49.06831326649703,48.246384584867315,51.458380542661416,48.93962727963624
2025-10-11,92.4165075307134,90.76854447011358,89.50097948551823,68.60970460324943,0.0,93.68452236244391,90.1807817898558
2025-10-12,57.41421900159187,54.33921576887762,53.888592283163135,52.720055399536314,48.21674953219581,57.44223637532788,57.41421900159188
2025-10-13,279.17203070897466,270.80089205451554,279.02394799898144,280.5868876083842,229.8898596273549,354.5039894963884,351.9734879469082
2025-10-14,521.4301061470896,502.24034356015216,491.3890995720878,450.01994299902975,405.4050956841588,521.7840058840233,516.9557324591627
2025-10-15,206.98912372073926,202.4458649595449,201.90051759220097,212.75409056555935,222.36326305799327,307.0289463523254,193.43882210126685
2025-10-16,35.84283512460927,34.944054297267535,35.690488440510244,36.304048179887175,34.56980428149746,65.38951378936791,36.7311490181553
2025-10-17,56.84502974527375,56.84502974527378,56.831426369478095,56.35415778719947,55.93561720059925,56.88865297911684,56.54529591273919
2025-10-18,65.54809483149899,65.54809483149901,64.64813780148636,63.8053719928937,63.8053719928937,65.80174282828004,65.54809483149901
2025-10-19,111.24093845368779,109.36576349465696,109.36576349465696,106.24964104420891,105.51410259574669,112.6731266338202,111.2409384536878
2025-10-20,106.90669857085129,106.64872461617139,103.82358971235303,103.23713267248604,103.23713267248604,108.77545454545456,107.44218006966328
2025-10-21,100.86674240645762,110.61866006342927,113.6797080927528,113.67970809275283,110.27586547740435,128.89269231468572,123.4030378041384
2025-10-22,312.0737416726063,314.14455065514744,314.4359126184039,313.9400339963237,271.9073560230582,317.83438324166934,310.37929538528147
2025-10-23,55.61409957584904,54.65745381455268,51.98470660900509,50.06288666096414,42.26938205252708,60.55753678778733,55.61409957584904
2025-10-24,138.3555019481879,136.8654284543503,136.8407567727328,133.72915934069687,133.43127234120638,140.05321817177898,137.7657098280996
2025-10-25,75.69589309612205,73.93694125976758,74.7851068932572,67.50497658965537,46.16358471883281,81.82023514758446,69.57569848838307
2025-10-26,20.471347189054377,0.0,0.0,0.0,0.0,51.05958652444546,5.196990691919119
2025-10-27,126.678651181887,127.63813516358897,128.7585210826611,128.93117330153308,128.53293502477504,139.79757079287825,126.58615118188705
2025-10-28,74.18140312435114,80.67348953124782,80.80768195928896,78.74147086334214,78.04680473856313,104.37929442398944,91.93964403344204
2025-10-29,61.61841697503171,59.63462845223921,67.50519095166554,67.714083943941,67.82490332864005,72.91407056011086,72.01021358371686
2025-10-30,160.56025766757472,128.5444239273885,119.5988111641525,119.5988111641525,120.17056318777108,172.36102647919495,162.69689767286906
2025-10-31,47.310601064786994,45.78760151787617,44.02365692893083,43.13031756889497,42.63759063304483,75.83388513088732,68.15490550257766
2025-11-01,68.67441321529412,71.65481785479315,59.029358706507885,53.47934392764622,49.523044087184786,87.31749833163846,68.67441321529412
2025-11-02,64.07238587431746,45.3374097617661,44.47952647453164,42.20513426304321,35.372950775448295,72.0247120913802,69.01486735348317
2025-11-03,46.52948203366299,47.01978978936489,48.04921307255836,45.70061803107379,45.34652107063803,80.8859521558154,46.53113212320744
2025-11-04,135.09871747484993,143.7619570892951,147.14159408498386,146.0784096621001,143.7997745115769,155.80125905206626,136.25161549927373
2025-11-05,67.95128966400542,80.13064679644646,77.8103111740141,77.63160801974662,78.18428430334828,100.17570204343168,71.5478406098065
2025-11-06,81.23738768351762,80.18890094830155,78.66573384904487,76.63011745335103,76.12855563467477,81.56222203989498,81.33018871949758
2025-11-07,96.19704196514233,94.00095322020228,98.36857421253247,87.02728169984017,86.32271812678938,114.08821829617835,96.2483597499748
2025-11-08,31.683300574024948,29.492124538934462,29.359809587751386,29.342313744908125,0.0,31.88360157741917,30.6199506635694
2025-11-09,23.14733239581463,15.018818572643752,12.455856437121653,0.0,0.0,26.372423794266243,23.30242379426625
2025-11-10,75.8709871622161,77.946209523921,75.19447339510714,75.19447339510714,45.20599835506617,84.00238820556515,64.39746920497717
2025-11-11,89.06043764054058,89.06043764054058,87.33947367230033,82.21671027865102,69.37424597185449,89.08073374193737,89.06043764054061
2025-11-12,74.08095247480531,74.08095247480531,74.74493559250237,74.74493559250237,71.98148282452823,75.42709926225521,74.77110286367949
2025-11-13,84.19350524349551,106.72734654997599,107.87905408833038,107.83513681948924,107.85115220214372,126.17173430020978,83.99416257370302
2025-11-14,36.76692661464807,31.436753757573882,28.548371479311754,14.415884391526674,7.9601864712288375,57.51669591534659,23.07296538863646
2025-11-15,28.306335387724516,29.34311205082051,30.473363533493107,29.91642362877188,30.03787269292484,32.348835387724534,29.78671971060632
2025-11-16,35.87096540214754,35.50439379640415,35.50439379640415,34.88640595334277,31.720322434586475,36.2597264988203,32.7918864960846
2025-11-17,50.91446230767012,50.91446230767012,50.684276959525405,50.614347850788576,48.35923956474345,58.06181337248849,48.32495723814976
2025-11-18,78.95599474995106,78.22062904428722,78.22062904428722,69.2181658359064,65.13280691527427,80.85603908056865,78.95599474995106
2025-11-19,28.85840493081848,28.302899071464637,29.697709145291398,29.06244852706358,28.586805723767974,46.948473551463024,29.14406675243596
2025-11-20,105.23224809263827,102.97448997218918,95.90454764996254,68.35463747884836,53.30763769129865,117.8122480926383,106.74580544286157
2025-11-21,259.67872612387896,249.99465961451472,239.443016418698,224.1012716939678,215.92156949704466,259.9093663828105,217.2686489405742
2025-11-22,18.69778843585769,17.52694083950989,17.52694083950989,17.52694083950989,16.474950190404222,27.7630642149446,19.118864664493454
2025-11-23,-21.969963593445904,-17.805055053887987,-13.621858952746466,-8.466736893875611,0.0,5.10284875495984,-9.519280243485042
2025-11-24,251.11048565034113,191.14890974938962,141.32498926608392,133.59746466857936,133.5974646685794,258.39649508258447,248.401246917294
2025-11-25,401.7352237461056,401.75853273507005,401.75853273507016,401.7873231214695,380.03761095471725,451.25071540061,403.1268784092563
2025-11-26,291.51056131954726,247.94291458292523,239.46489214634866,234.7519549474612,215.897770071002,347.58824507168424,295.9739639582711
2025-11-27,52.309790455048756,49.207199705688964,43.68071088876966,41.61788985585302,35.610297294703535,53.83726590503335,51.433357471108906
2025-11-28,29.321605423103783,28.501363363293585,27.219011204391755,26.0382041223606,27.50886586691174,41.87289680998937,34.03595234407909
2025-11-29,8.344763427997101,-0.6351029016405576,-1.8246139132931454,-2.4928276612882243,-5.018221840800152,8.998839384506713,4.279306620004423
2025-11-30,15.852585279272859,18.486636897511435,18.651144146719396,17.590969612102853,0.0,20.47808527927285,15.85258527927286
2025-12-01,7.3425272642391874,16.746986259654722,18.14387477053595,12.189278839480654,12.464178302683433,71.853728256538,16.83155695998265
2025-12-02,105.48961310206329,106.61419816876943,100.76502027718962,83.90095002287183,72.9055145511151,125.48398240915142,110.5771131020633
2025-12-03,303.19684366453123,264.0164338080561,214.93810190037217,200.26628991295772,193.61073651842804,316.53592392571056,309.31434082650765
2025-12-04,48.115885611808665,47.77849224519838,52.40539274255176,56.44685279614396,57.181806099840806,77.02785085591498,44.622237313153306
2025-12-05,124.99044257885012,124.86468207260381,114.2046296237465,103.04984154585395,0.0,140.1778219506189,127.34471976299852
2025-12-06,6.295662859556458,3.178446915149266,1.067098803279876,1.084342375647438,1.084342375647438,14.782274970279673,5.947672175348046
2025-12-07,80.54346732475281,69.51197505208893,69.51197505208891,69.51197505208891,61.32845401901935,80.5434673247528,69.21698619082544
2025-12-08,93.5727719838111,89.6357563876613,82.97568410860148,72.60112110809467,69.06147508169913,94.78244334326516,93.5727719838111
2025-12-09,46.112467767329974,59.16265336218998,58.591050897151874,54.75644652474456,50.7393165842895,70.62680577985587,62.56560598086729
2025-12-10,61.89662099930668,52.093208685627744,50.10519958929247,50.148173333784555,50.072102964518805,63.4542119424474,59.00640650703853
2025-12-11,17.15549244494138,16.911917186608846,17.061313042482983,17.456030019589384,17.9202922031126,21.517836667647572,14.960816440055217
2025-12-12,63.33876142252971,63.01019153086037,57.42926739204521,49.3175694504144,40.98732763592034,67.45876142252973,60.76007034930072
2025-12-13,23.253352462538636,23.064740627249677,23.064740627249677,0.0,0.0,29.86322528095234,23.253352462538636
2025-12-14,7.70190190549323,7.2315518716208445,0.0,0.0,0.0,11.170938365691056,6.2191825915658825
2025-12-15,19.22313790304934,18.690205410872085,17.33129448205624,16.732682950589897,16.82343989856562,22.592546402246317,19.002529737448043
2025-12-16,83.35078017706215,78.78550855982103,76.21879217086416,62.238907833710456,53.90698179356626,86.15930392722898,82.6586168383481
2025-12-17,31.639040566937503,32.17850503803306,32.25033239834975,31.139211713818334,31.97693454029031,46.687167801072974,32.4476961347319
2025-12-18,121.30142352235268,121.42314641678573,121.29526447709074,117.87039269409217,117.74149647788116,124.27699244680976,117.49772310914378
2025-12-19,75.71583729596458,75.71583729596458,74.91388009541876,74.9025638107415,73.369531321474,87.65774091450089,76.82370081575101
2025-12-20,22.90805145317659,19.45805556077584,16.804481051806434,11.614336068942926,0.0,23.5704202703184,17.848051453176613
2025-12-21,6.07639947429934,7.555094144928962,8.327519727147477,8.142581293667268,3.4926670463947485,14.983499002204017,-0.1515913977648857
2025-12-22,6.363701986086021,3.591515251530822,3.4043117690318887,3.9088316162141723,5.378200247013197,23.733769005314784,7.334248579039571
2025-12-23,5.194662244827249,4.585200561075197,4.734488143289312,4.976881197958113,4.901202953802258,9.857462266533602,5.639081186898313
2025-12-24,4.292889869726203,4.855259600090292,5.577260359412264,5.850416836908064,6.843395132457886,18.20980152661298,4.592275055174
2025-12-25,15.74359578266128,18.162606781305435,17.94531517799394,17.614674538937415,19.851108037361662,29.752860078174297,15.102198539346212
2025-12-26,11.858399861894185,10.64603905603514,10.708737555134007,9.948935902174341,10.844408534504632,15.879345685890687,9.890899861894198
2025-12-27,16.940534348628233,16.22555714937565,5.291389469237021,0.0,0.0,18.872116315997346,16.940534348628233
2025-12-28,13.184621667644791,0.0,0.0,0.0,0.0,16.757121667644796,16.168131105751275
2025-12-29,12.148854841183393,10.301822823914247,8.637653290527492,6.723540239180226,5.898563136384254,15.923770328333363,15.18212716906514
2025-12-30,17.951696936529117,17.149827172418497,14.185295963361085,10.363239130706388,0.0,22.880558599568417,20.197286121505883
2025-12-31,22.153197679425944,22.865368015978166,14.74917232758051,10.951593690205677,7.880019172202342,23.848834096974432,22.01139402541416
2026-01-01,57.20726379309428,0.0,0.0,0.0,0.0,59.12384337834676,52.85083092344143
2026-01-02,57.85780109439226,62.7226109895803,58.04751486512173,54.88784259774195,54.76214219937836,73.89277050731765,70.84358995558955
2026-01-03,16.33845006324372,15.101104074296256,13.371161791997709,10.385622264255035,0.0,18.42427350952478,12.7639843649211
2026-01-04,13.726609906294133,12.984868735697876,12.849774778736558,12.126586753030548,11.611498865705594,23.715059279482976,13.62149920231258
2026-01-05,180.23728999457873,121.48720719009776,97.02099088498633,0.0,0.0,180.3024685315845,180.3024685315845
2026-01-06,56.42213979903665,56.26604132813157,56.26604132813157,55.65006284601268,48.907294475582255,87.55731672139095,56.124298636263205
2026-01-07,6.8870433156956,6.887043315695614,7.345861868473239,6.693689078274241,0.0,34.02235129125201,6.887043315695625
2026-01-08,216.10266935831947,220.65356459251888,235.38370300268144,228.33804507585975,225.28435930898556,304.48153142839067,216.10266935831947
2026-01-09,22.06572927057107,18.653383273694004,18.420338230258835,6.978007515173836,4.283500406638016,37.27257303357415,18.482209087499957
2026-01-10,49.09677022622939,47.5771708273175,43.92401523561714,43.968669307439406,44.18077210056478,64.78943671280321,63.75170223309316
2026-01-11,16.185097034338504,16.570887955455426,16.3630049103489,16.31066229676903,14.975037263723195,17.635002443446652,15.479891293670525
2026-01-12,43.227199159534244,40.96920841796431,41.091251836974685,41.063576624557314,37.78199801184793,55.60635557042615,39.96443424516828
2026-01-13,44.08754727910078,52.0894203738652,46.78672022781779,45.48034450365983,44.27316450502728,62.78754660441497,50.395046604414986
2026-01-14,144.99003855756246,141.06475519812076,141.06475519812076,89.00428441508897,62.456401486245355,147.03960123691112,120.6441634675022
2026-01-15,69.82533957542654,69.3772539967928,63.51537373404929,54.12826908439408,43.244466503424896,69.82533957542654,69.82533957542654
2026-01-16,110.21778402343344,110.02770010848175,109.2710754169735,105.51384699242656,83.99967585179095,110.27718724703377,107.14919888781245
2026-01-17,24.465309985143982,26.408013913238072,26.727185436744563,27.23175556910512,23.35351884084442,31.936758992074875,30.460850254215888
2026-01-18,15.40349499845017,0.0,0.0,0.0,0.0,28.891827584233077,14.77837762682664
2026-01-19,110.35373470812718,88.34870146807927,68.16584405159566,62.33318118309356,0.0,141.1812048266439,111.5718292449919
2026-01-20,252.94970903740477,248.43172748415054,245.78556712752925,247.7974566428519,221.5763273110324,280.589441816464,252.98188578352165
2026-01-21,66.75536370545314,52.37551579396731,56.763778449752834,55.92772307645669,53.928362579958105,89.66031322277827,72.3983209834287
2026-01-22,52.89736238601104,51.842941060753176,49.87710844281891,49.395510741672155,46.91760763075291,56.52547390280161,53.19624352664519
2026-01-23,51.00003486396545,50.2125143919005,50.12696990937391,49.88821261950031,0.0,57.66882414688415,50.257007899157045
2026-01-24,36.41022287848876,35.721574740742284,35.56010927453195,25.673560056938484,21.304509232241973,36.720064633560014,35.50124534207805
2026-01-25,11.595791629263527,0.0,0.0,0.0,0.0,16.562357338604883,11.595791629263529
2026-01-26,94.00014448576908,90.32086653166161,90.24829826709976,53.51674116733761,50.862298641611716,94.85960042130998,93.75626125109925
2026-01-27,59.24349575753178,64.26807924290117,67.03831955362259,61.354850840391215,44.39668222019275,72.52238358635702,59.24349575753181
2026-01-28,74.48960953750182,74.48960953750182,74.60288562140019,74.51981116226193,0.0,78.05884833084366,76.56775156804568
2026-01-29,59.8097017900977,63.48108260980615,64.08064657786271,63.59310400898638,60.73590784313867,77.5616725516034,57.56710013694497
2026-01-30,50.409021145747154,50.409021145747154,50.409021145747154,50.409021145747154,31.950006163047988,52.15967339312536,50.4090211457472
2026-01-31,23.9157045959993,24.540134176880514,19.212457952590213,18.80116892711576,0.0,25.012466881122947,23.9157045959993
2026-02-01,12.656685874052577,13.185241340736937,12.980986776727715,0.0,0.0,24.260378298661,12.856771615967135
2026-02-02,44.57549935585021,23.71290441152062,21.16522138192193,21.16522138192193,21.16522138192193,46.190977423866656,25.857285471531327
2026-02-03,29.587729944681683,30.365898721861328,30.075791851489186,28.723237210591265,25.369070501928295,34.19537071978357,30.060810617075877
2026-02-04,30.60551231821129,30.442062945022435,30.442062945022435,28.112309058185105,0.0,33.4033835796468,24.3621656012522
2026-02-05,39.75038526031327,36.451319028649806,30.300020350712856,22.696714277126148,0.0,41.20883786027102,40.227764158665565
2026-02-06,31.2893158550986,30.40825384301793,22.344938795709528,19.183120278298183,0.0,38.50163596528763,20.390196394720352
2026-02-07,24.973040257136326,24.453750477139323,0.0,0.0,0.0,25.60162371156102,24.86429935615698
2026-02-08,14.832066606019865,11.68214776090161,11.679073530876305,0.0,0.0,16.387826104570948,12.212385573481855
2026-02-09,143.7210553245309,100.01071940089427,73.15965046904596,0.0,0.0,152.13406013315307,149.2920237265083
2026-02-10,26.914072717411244,26.86628546933457,26.830665241374934,26.6307631747107,26.015939810292203,26.93469883671688,26.899870609697015
2026-02-11,24.65154380457176,27.062240511097777,27.073818768256224,22.06572410300211,0.0,30.48713548727685,24.65154380457176
2026-02-12,25.791742583549116,25.74881259417782,24.954273982232394,18.68577112966215,0.0,28.41678326408695,25.794528841710704
2026-02-13,37.04785812573018,37.338650105969734,37.336423768709224,28.8037028031902,25.634645056691966,38.27424182703653,37.39732241832901
2026-02-14,23.50202336880463,21.137676355502737,19.10202023510049,19.08958374246879,19.057439078929562,24.59012919603319,23.50202336880463
2026-02-15,37.84516526973068,37.84516526973068,36.019849226203405,35.4579649425061,33.292383133903115,39.62884066969685,37.84516526973068
2026-02-16,56.5121704947477,54.84241812169473,54.66256267083841,49.01665935580522,37.61292758824825,56.5781989422091,56.51467049474772
2026-02-17,7.070822841629436,8.013005095081375,8.840952127007881,8.840952127007881,7.9167020231665575,37.058386619825214,20.33558582773607
2026-02-18,90.8300266978726,101.05812110978903,101.05812110978903,86.82196947181916,78.11088544968712,128.96520545388032,91.02506728202675
2026-02-19,7.326279570465459,1.5987498307536185,1.004343338978316,0.7635944829080472,0.8627569619526412,18.24286862611733,-0.3379851731566816
2026-02-20,54.31694540382634,49.379109061718566,48.612748813987366,45.98773103150655,38.28851943755459,56.10359678452872,54.31694540382637
2026-02-21,61.36141367558287,61.29295387147579,61.256826068909874,61.13296199066474,49.25262832925501,67.9969034078656,63.86685906746325
2026-02-22,16.84724373798862,17.195613290911012,22.06024941149297,23.676918042205664,23.61349131479639,34.62150729957387,22.368407374352262
2026-02-23,162.83638383841867,158.08039025220702,145.0291044370475,140.58480855787047,140.1687071456247,167.4382355351689,135.04797474750956
2026-02-24,106.35539466526242,107.57960076919755,117.96156929582827,93.99549860050766,72.78074644651574,140.08106423844265,106.35539466526242
2026-02-25,73.93256167088941,72.23489117132249,69.94950885021086,68.37670170099963,68.3767017009996,86.0104371211842,79.19688843130167
2026-02-26,149.7693067247088,139.39280518751085,139.02328217112043,139.02328217112043,134.54516848155112,153.435824751961,149.7693067247088
2026-02-27,173.95366575647694,173.19009155087667,173.17302222943147,171.73851504564192,170.7304679434806,177.01029167410888,173.95366575647694
2026-02-28,144.2655046214808,144.07410605859926,143.907945553389,143.907945553389,137.3741871766218,147.76719492158017,144.2655046214808
2026-03-01,147.93123740205982,141.50487428272743,136.0029688828522,124.20208987356366,108.70008010842119,150.1135923447999,146.9117835351638
2026-03-02,219.2919553954087,219.90519955916577,216.40709412168223,212.09963799074254,202.94506204009525,219.90519955916577,219.2891617289985
2026-03-03,244.46921757129985,244.46921757129985,244.72157769526,234.6680860139901,234.5167585336961,251.61254111966747,250.64993817687656
2026-03-04,456.6419110141208,456.6419110141208,456.6419110141208,456.6419110141208,444.4737962341339,456.6832475461899,456.6419110141208
2026-03-05,321.3811878052469,320.94586311152045,322.33285815051,286.0678090316359,248.14168469427665,323.5110584885824,320.94586311152045
2026-03-06,259.3278357789691,257.47857029008884,257.47857029008884,256.3976631617306,253.41925153399598,260.2815875356619,260.14966243331395
2026-03-07,257.49985557114417,257.49985557114417,255.86758699377293,241.49064204696685,228.08294312056097,263.18698467993005,255.86758699377293
2026-03-08,246.0896075068004,246.0896075068004,239.52051195419716,235.67065504391525,235.00809841412968,253.813833986344,245.16129805461463
2026-03-09,252.84630290374923,249.5380223891733,236.98451090022246,213.4399197196986,211.13059819013802,253.106881365907,241.16763990062125
2026-03-10,163.64388344905655,161.01637143408476,160.71403715089315,158.5588380458551,161.07250090767087,179.05725013790706,163.64388344905657
2026-03-11,179.30482412361954,153.0425040145962,153.84136000202793,143.87525993419746,143.5309634152074,186.08539879112195,182.7247158992085
2026-03-12,231.26164927073276,224.7061993088981,224.79481620515503,224.19606932226296,223.50533851367172,231.42139473866388,231.2616492707328
2026-03-13,165.28910428794794,162.02687189766255,161.35474476724764,149.95469536145788,142.81432115124932,176.955351485452,153.68917779296902
2026-03-14,41.94936666137855,42.21729460427807,34.809251325009875,33.443913887243816,32.69567016728141,46.71311379856007,39.8783371886388
2026-03-15,145.69306384652538,145.16574111073845,145.43200523838647,146.44339283130347,146.1652150570685,176.46337282487644,145.1060393778278
2026-03-16,202.66025464275148,206.20785546174497,206.99079852825048,200.7060947522775,200.1663963746816,220.1407622827532,200.76338978715688
2026-03-17,134.15362240816432,131.08887440807933,130.99169951443906,120.20519614233308,110.28902847179927,136.31534477259515,134.15362240816432
2026-03-18,282.76367545001233,282.76367545001233,281.11004563317005,275.3105893020936,240.14896186869328,282.7636754500124,282.7636754500124
2026-03-19,328.80864003499363,323.05989610328305,308.29041022148283,299.81290623873224,266.8010248741471,335.3752220987464,328.80864003499363
2026-03-20,225.95407310277508,223.68656744306227,217.04821785217123,204.31484949313352,188.114848900638,228.4076710682288,222.11616740029112
2026-03-21,223.97855077429037,223.97855077429037,223.97855077429037,218.8325173060567,214.97092142357164,226.28024253297988,223.7145851123565
2026-03-22,261.57241438554183,261.42383660279563,252.97800341016074,247.6406257671913,247.6406257671913,262.7450183254977,261.5724143855419
2026-03-23,301.98413587869913,305.4318062460611,289.5533832097274,282.00169015212145,273.43089540586186,305.6379697556016,281.8622522690566
2026-03-24,253.62049280739274,247.24557297202034,242.4520905007272,239.98613172020623,237.25358310835736,255.65256145875463,252.4229928073928
2026-03-25,165.25301228476803,164.36305190968199,164.4378387708847,164.50214925447506,150.07785841366126,165.4590705163495,165.25301228476803
2026-03-26,263.08213957068574,225.04031421713788,214.10005451576467,194.31039964512806,194.31039964512806,265.49732963809083,263.08213957068574
2026-03-27,163.67447340743823,163.00456125571796,163.0698059259058,163.2962283343421,163.2962283343421,176.3932884295169,167.37334553648375
2026-03-28,130.50936926295037,135.56627862791208,135.59963137156694,135.59963137156694,146.45340823704382,200.1466275991628,199.71560190477155
2026-03-29,192.98991698475018,184.5885843453685,179.4850791624738,174.84750048033544,174.1092068735377,199.7567506037139,194.44181423673112
2026-03-30,194.9652076838223,190.34588090897273,186.17140575057735,185.73570365754117,186.03113017257138,201.12001986212212,194.5612002503919
2026-03-31,179.39860552616278,184.7595777836118,184.7595777836118,184.6689494521852,184.0366627634445,187.133247813272,179.39860552616278
2026-04-01,160.81954744065584,160.2358263252825,160.2358263252825,156.96154913489497,147.84793717082394,186.11965004914344,185.53671699690184
2026-04-02,181.89300301651295,180.35540174525562,179.4708949892621,178.8867524495771,170.28852811712815,183.27201787035764,182.32637873672735
2026-04-03,198.2640457254306,170.94043696399012,168.54907760099974,168.3782569516442,160.4191266068532,198.26404572543055,192.2792351181499
2026-04-04,202.16348155290873,202.16237600259856,198.6325423340211,184.14695386712273,180.4743006027911,204.54194505617923,202.226208825636
2026-04-05,228.62971161340073,208.22887326262284,199.5403318052915,136.01039651322534,95.75758842520099,228.71710583720147,228.00048164524185
2026-04-06,344.11145925748366,290.6277760851236,261.24433575239533,246.11276859817627,166.3565581812609,353.4426785789438,349.8004416836391
2026-04-07,357.8667745174365,356.71495096178,353.21683667204263,350.3488128124612,305.3507394854133,359.9189099414906,311.9452003096268
2026-04-08,368.26018655750516,365.12315672215226,359.92353114022166,352.67981998130546,352.24060814662425,369.00899719277714,369.00899719277714
2026-04-09,267.1255035874947,260.4804140172198,256.0911653092669,255.57359593752687,255.57359593752687,267.34277543605504,267.1260312879041
2026-04-10,137.0315430271406,141.7367350366818,136.61463048483222,130.06008140847172,109.75473602705378,202.4652669066672,126.81687487949073
2026-04-11,338.15760887871147,252.2021805425423,227.95224874820184,216.70190178016682,211.39528908343897,340.76200258668,337.4216689418862
2026-04-12,203.47561283924782,201.9861554048065,195.9642433824246,0.0,0.0,203.70671747453963,194.4918869820535
2026-04-13,60.38884063648018,60.38884063648018,59.67581650100361,47.72721187035792,40.370722296940414,90.18045272080856,59.90121546971724
2026-04-14,120.60408551813703,121.52810379449588,123.18295767732693,123.30311698424282,113.74878141363305,159.19828785228492,123.65960934315892
2026-04-15,186.94699916866713,187.4725626250291,187.4725626250291,187.4725626250291,187.4725626250291,187.62241903808172,187.62241903808172
2026-04-16,188.72971729384375,182.05838209779083,180.7476366647172,176.98167357156112,176.62040291503635,188.72971729384372,183.05304414350064
2026-04-17,208.46233946145318,208.59209624220316,208.5811739211128,208.58633753351634,208.0255140464505,209.17289518371592,208.89850586176627
2026-04-18,226.88798499277084,226.88798499277084,226.88798499277084,226.88798499277084,228.15761810575685,233.6803815653601,226.88798499277084
2026-04-19,210.15439959175833,201.02726644753065,191.6967142120997,191.6967142120997,191.24098743741072,212.38103042304093,212.38103042304093
2026-04-20,167.59650355939186,164.05758486860512,164.05758486860512,157.7783206922642,151.73133595338257,167.5965035593919,164.05758486860512
2026-04-21,250.73087008784813,248.80684650167711,248.37177426035612,249.17001480608866,249.17001480608866,251.10349287778592,247.6290796140733
2026-04-22,300.1339631338855,285.3018316345612,282.7265739059921,282.8787364502563,275.22752615475787,300.1850093534874,300.1339631338856
2026-04-23,301.0881999487719,288.7143838789851,269.04818663798807,264.3692362651809,250.9636986959668,324.86485143587976,324.4396977163654
2026-04-24,299.14492603140985,283.1999406377366,266.7918477443493,266.2109348873523,265.9461164722668,299.2265436947291,297.9530045843216
2026-04-25,528.9742361281461,402.7781671180894,362.8280643064734,337.3666046829353,309.41189245693784,531.3535739500451,524.5797176533634
2026-04-26,1077.5299100990505,999.2906306522538,930.893775216508,560.3890029429144,510.02819614777104,1083.6934492325415,1078.4888472829975
2026-04-27,292.915704607391,295.3767603639299,297.0470139512027,296.394936799364,296.5134617376138,318.89591750105296,307.7538348635924
2026-04-28,268.9614629680289,242.72663090899078,236.92525891213825,232.3181902262392,232.3980419238762,269.5557380610697,268.32161589812085
2026-04-29,358.8377212082099,319.193676431256,305.0594266443054,307.8691078002246,307.0148680152045,371.7660573474031,371.19451558799886
2026-04-30,346.0797116781433,333.3811940873334,310.8495349990604,307.98384741513155,289.9521592348874,346.18806616220513,335.0609568826629
2026-05-01,1247.7119190973897,891.7738299427785,825.4696396818712,515.6794360197938,381.63047581506464,1265.8352241538694,1262.5894564480716
2026-05-02,506.2971866498103,417.1469648395666,344.34156761916825,315.5118735372293,293.14694209143755,506.2971866498103,506.2971866498103
2026-05-03,252.87232671212615,243.7247697657773,210.84099741359773,192.47170052398315,192.3538390425702,253.2909268208776,249.3200660289795
2026-05-04,225.4949579727921,220.38400559405554,210.93618791801998,168.4920781240726,149.3041972011568,248.0273110378526,226.2259695729921
2026-05-05,78.57378380785477,77.72304247823345,66.72351793030643,65.48714531530352,59.223194597001196,79.74340415496292,76.5965937128278
2026-05-06,68.50735801271549,68.5073580127155,68.5073580127155,68.43522488475435,68.43522488475435,68.63005187590183,68.5073580127155
2026-05-07,131.98958744875972,132.70082206053814,128.10841426173155,118.89919553283013,118.44600495500399,133.25253606144125,131.98958744875975
2026-05-08,131.34701769628137,131.3110053299098,130.10280267147394,129.86996074431067,129.86996074431067,131.71495152972577,130.45298507474416
2026-05-09,237.37327034609706,237.4856446669716,238.36108730634737,235.2400337852489,234.9006682943316,239.04439037890032,236.4346208362282
2026-05-10,226.52349457542152,224.9331529799761,224.71404569619762,224.6588542114435,224.64908111398003,226.9401311369146,226.9401311369146
2026-05-11,44.355340687216724,44.12960843753579,42.2949799056109,40.52571405424739,33.82580060849964,48.01164046863316,26.805531804820543
2026-05-12,161.41779055297317,136.37561310039544,128.59276088311753,120.65163135214914,120.12242998108914,177.789654316145,162.56779055297318
2026-05-13,124.62936884695614,121.03541243374656,118.7148848133896,116.59013857848427,116.59013857848427,124.62936884695614,124.62936884695614
2026-05-14,229.65818548582314,221.99084558684885,222.65841947307538,215.32937408521167,214.72721281659622,232.1999375441882,228.87143342745804
2026-05-15,167.41886937062458,165.22422957394963,165.05063307734846,164.99612006643537,164.8387694983945,167.41886937062458,165.6623086685707
2026-05-16,239.42989730379438,238.27631668767683,232.20453405887588,226.20130133960754,204.28598664227593,239.45596871859672,239.4298973037944
2026-05-17,246.2494599775691,242.18075900112646,241.24193921095943,240.86031202180962,240.13642570237184,247.38171635835724,243.0427511058292
2026-05-18,167.3567289091757,162.87641874933493,162.87641874933493,162.87641874933493,158.04148157986822,170.73290909415087,168.95642325594673
2026-05-19,149.3458551036851,142.17980443541086,140.63675871996386,140.63675871996386,132.4059735324544,149.8941287930378,143.56068284878654
2026-05-20,181.9597803490085,181.95978034900853,181.95978034900853,180.58570931189888,180.44201081309419,182.8764377401765,181.95978034900853
2026-05-21,292.23819456322457,291.9484575330279,291.9484575330279,285.0293925820436,284.60879122219416,292.7012692624796,292.23819456322457
2026-05-22,325.8942132567408,322.76642059897716,322.1419444816908,318.9918100317483,317.3494873679018,325.8942132567408,325.8942132567408
2026-05-23,324.921940654338,313.9102006464696,302.583706583374,293.63320322393616,292.71553037434916,325.1270613214714,324.921940654338
2026-05-24,400.66835387861875,356.93745351243524,334.8703190144753,325.88793974712564,325.8884667689359,402.5322950280309,400.459131262189
2026-05-25,323.8015279385938,301.23168534820655,300.22927442075184,300.3373502586542,298.72415811272094,324.8595684927068,311.2416715952505
2026-05-26,328.8405596492162,327.85015911261877,326.43131871332446,308.17470480072444,307.6548504177546,329.7195311565469,328.84055964921623
2026-05-27,257.0469600911798,256.164531538618,255.99009626003271,255.98716095643283,255.72821273162816,259.0197904475576,257.0469600911798
2026-05-28,513.3367717988799,500.7582356945155,500.4171964265065,490.25671822951733,487.94953485716087,542.2249272611263,513.5077210756851
2026-05-29,348.23793400537676,348.01447777211047,318.5857762387608,307.8895234576335,307.62944132590815,348.2379340053767,348.2379340053767
2026-05-30,259.75537996568374,258.01532688274466,257.6192888917872,256.5238029699933,202.47344062814759,271.7645049246588,259.7545100280372
2026-05-31,255.59840954489877,255.5957177527538,255.3752470447661,253.63783609221204,251.04561586103952,255.59906958071653,255.59906958071653
2026-06-01,297.46533187318147,277.26275273203385,277.26275273203385,229.0309120202766,228.07882306799493,365.905839293052,297.4653318731815
2026-06-02,95.11539186298609,92.90442625748004,87.03092875232691,82.52432969767953,71.22493093201528,97.73233567670826,84.76129907317588
2026-06-03,158.73106828053034,158.73106828053034,158.73106828053034,158.73106828053034,142.98723279711356,167.08152549792885,167.08152549792885
2026-06-04,171.9802129215835,112.29810135183712,94.96331807023351,86.24426633597247,80.51021579972706,173.74498617187282,171.98021292158353
2026-06-05,192.65655420764097,190.91042314935342,186.06736676571725,179.9207257119967,170.99378447636448,205.78737312726668,201.34791226017185
2026-06-06,263.74392349870453,262.6913909874373,262.31240824793355,255.10251952303958,254.75500857030272,263.7894931226179,262.32741793923793
2026-06-07,299.2198213906452,278.06910596674163,275.9643254350774,269.49272254687975,267.50254397609683,303.4812643415086,299.6820275760516
2026-06-08,206.66300325037847,206.66300325037844,206.16082748648228,204.42215834674386,201.21389992766143,207.50336967033775,206.66300325037844
2026-06-09,243.82158702930758,225.48296051385293,222.32961163866972,220.86705723344838,220.47250798385025,252.0024461856112,240.89987925449415
2026-06-10,155.1969113256789,150.71740489369427,150.71740489369427,147.53296946749674,147.53296946749674,163.76621994930318,155.19691132567894
2026-06-11,190.35524374047748,190.35524374047748,190.35524374047748,184.4417037273631,172.5397815167994,197.131013699806,181.0541492887476
2026-06-12,75.16746545851372,75.19304529671066,64.56059299716932,64.56059299716932,64.56059299716932,85.24951413425418,72.89707183382207
2026-06-13,254.0992660172113,248.20275245850632,227.43200739200978,209.18080703136803,199.64507271617913,254.0992660172113,238.13883740402227
2026-06-14,198.24856271550019,177.81212673553773,168.25369886483747,166.43068214636412,164.6443258388551,201.21926819822943,201.21926819822943
2026-06-15,231.30142930514353,229.01738579509436,224.61513628458133,221.87439885352708,219.8828928134506,233.24465912417787,231.53045128281963
2026-06-16,162.66566432049595,156.474154567328,154.1437200875649,152.81557422419223,143.95461946032356,162.66566432049598,162.0292716987803
2026-06-17,127.07899625630421,126.27355965202054,126.27355965202054,121.2968470259708,120.44818481788579,129.09245957370592,127.07899625630424
2026-06-18,504.5369459940641,499.54385899811234,496.7052045349079,489.74952989130963,439.40973942386125,615.3734721819884,498.0735530770273
2026-06-19,281.5015703248753,242.7988556444384,230.17706025247062,216.58884233800427,193.0114471083801,282.63430097643464,282.63430097643464
2026-06-20,264.88770200737395,264.88581660187805,264.88377325555325,249.10137944040727,248.68969083096945,275.1505737149212,245.24245391352943
2026-06-21,251.59112974761607,248.33221919774527,247.5893342979151,247.10463586939412,244.3635326317087,251.5932997297072,250.8481768232305
2026-06-22,272.3707947233888,270.3749813849634,275.92484800409306,276.762937725336,269.1890289812499,304.9514541762893,277.621259004718
2026-06-23,547.8149220527752,546.5531144051505,541.9587231122185,536.4889005729132,510.9051598333443,713.3610331472829,547.8149220527753
2026-06-24,661.53422701292,651.0618678457403,650.9893755095031,632.2720987194799,628.8975971670609,866.0044484386084,656.2223311649201
2026-06-25,302.76866714852224,288.7671844023458,288.7671844023458,255.54283166683365,208.34419119051617,343.1898845033511,323.04557439175795
2026-06-26,378.9369425705295,361.1839106476639,335.6542388986436,319.1888775681726,318.41750261824575,394.7268158897409,370.69969055267694
2026-06-27,314.551706765033,282.020534567226,256.67492399490794,246.11445571128542,233.46211396057902,317.0406762235358,314.551706765033
2026-06-28,251.81500775268512,258.43261477048907,258.495422795338,245.72551225145185,238.82717343355307,261.25354483138034,251.8150077526852
2026-06-29,233.61543993713897,217.7107372864566,210.98565061301963,206.69880083470358,202.65936817437304,266.06650474062707,236.6004779567691
2026-06-30,344.3382007407915,343.4096505762806,335.56764158792777,336.52307513272814,400.03765548606737,583.7080424446798,443.301323712708
2026-07-01,183.86040911880974,181.71916213858862,178.7539165438005,176.78355924157196,173.79495545669067,196.6361543063044,166.69967417502187
2026-07-02,245.77428047149067,242.70355893062006,234.49914513084326,218.47854354277047,171.2247686731704,255.7885710558365,255.7603612886521
2026-07-03,203.76936231031922,201.70563457229304,201.70795280828938,200.2650577759388,185.88506766925795,216.17036081,210.74737939636825
2026-07-04,238.6482444601097,233.89151782550442,232.40287187240432,230.141684168092,209.46583077518255,240.5387769107916,240.5387769107916
2026-07-05,229.53011713888037,225.83336234875364,225.63033800065176,225.3986365077332,225.0559167551943,230.0027708102029,229.6512337114431
2026-07-06,232.74753802311577,195.11705291245949,183.07352314063863,183.07352314063866,171.79880326277322,236.49135297493368,218.8535854252182
2026-07-07,207.91666398781365,169.46690298888325,138.0278385698892,121.07470170216709,91.32032437783451,213.7418983387704,211.91538924283472
2026-07-08,232.0634318345164,208.45808302853214,183.6228580754198,157.95537342586698,155.37434485698807,235.6868378694108,234.53967346743653
2026-07-09,227.4236634914603,227.5922110022201,223.86140449267552,188.30329701777154,188.30329701777123,235.00434220160824,226.11743308486896
2026-07-10,211.16792453298348,206.23148518158675,196.12268492283295,155.3017435802531,152.38851658959783,214.66971523094008,211.866902464013
2026-07-11,266.57362385447715,267.21376897843936,264.88352774013816,263.364619882121,262.1598001602638,270.8465926116763,266.5082803085169
2026-07-12,267.67455410756224,265.6095184397853,259.4886840932119,257.0888566045276,255.92499180992647,267.83956306200736,267.424461267263
2026-07-13,210.30455537361163,183.77788600867342,181.159489439105,179.4020090225511,176.64528211057242,225.68755841748856,215.6202098812204
2026-07-14,176.56307033777986,169.8188129575986,167.22926513363078,166.4048482200405,163.91725463458715,177.26637537140647,177.12394551290888
2026-07-15,194.0364984254983,180.28567380564834,177.42125292920926,175.40424070336297,175.2725250189611,194.83289300900367,189.48856039688872
2026-07-16,250.7227003042238,250.7227003042238,249.5425406722473,246.58731205645017,215.19337317247684,252.25904762472948,250.7227003042238
2026-07-17,71.38989680070996,71.59722833311058,70.62966706724325,67.04018371563986,58.84644479094895,87.43199551633555,71.38989680070996
2026-07-18,275.883216199549,274.6200574781398,274.0195759996795,255.69794644988488,241.25606729725214,275.9617604618649,274.3360189685878
2026-07-19,262.066360296824,259.5929734150769,259.22009414906927,233.8777453499821,211.1730816886279,262.066360296824,262.066360296824
2026-07-20,289.6998213002293,263.17153270802925,260.0676753024181,250.48662190466706,245.11190969813663,290.90787898090394,290.90787898090394
2026-07-21,272.9591476183572,274.6567575809256,243.1588517949258,240.60509159108886,240.31966092227853,289.9378055617951,286.1850229383999
2026-07-22,270.8872647947594,248.25506338884026,232.00614579977395,210.04155762758668,197.6001039495794,275.0442532790321,274.3563689561503
2026-07-23,307.6542146219868,300.24415765688207,267.4063518961949,251.07580529925326,248.7815990114122,316.7740818744711,308.1727682242826
2026-07-24,308.3700924403468,243.46426018424722,241.41257068558787,227.40076249963758,222.43599879515313,310.13745257947124,308.70101688507924
2026-07-25,313.57691474222764,314.9757003913475,305.8530988456844,286.4253305674471,286.0070484075182,320.8034088344063,319.6448761417299
2026-07-26,266.3844674063145,263.2848522468492,257.24790414889304,233.83833094391957,233.44253538944687,269.176983092977,268.03139994101235
2026-07-27,276.43438061814385,275.7925117805512,265.23733125120447,263.4980452364365,259.90680172608415,276.43438061814385,276.3024555157959
2026-07-28,335.53151625545496,335.2395000357407,333.53870614376285,332.9847960575283,295.2957571454788,342.8119239268225,342.8119239268225
2026-07-29,391.2427613754149,367.27880770063956,344.494763244838,326.7143281792771,305.7284728271965,393.2720980795558,385.0384385729245
2026-07-30,289.32117374280455,248.6292283337191,218.8683066999239,217.61149012015872,213.3251125615467,305.11982587980333,295.3648766415517
2026-07-31,143.61043270768982,146.9799240833612,138.54909225078197,138.41723663209788,138.4355283285183,150.78720707256142,143.38756723478997
2026-08-01,308.8615676649784,276.8357456414091,271.5774945519184,269.45446846764963,266.9404380102682,309.1289213632883,307.061319971982
2026-08-02,319.939183741728,317.84541736459875,317.78816409761464,313.89669408972765,308.84379541306254,320.3590292234457,319.939183741728
2026-08-03,283.2297200725278,285.9468437786149,263.5613193968782,197.5439855066954,182.22814132459368,292.4487322484608,279.43056974652785
2026-08-04,195.98116644388605,194.96372300287752,194.88208058742643,191.914570521666,185.235875192563,199.47103965526637,197.9232024545246
2026-08-05,304.8383301871606,288.6584512078945,257.1701471611914,259.7417828629934,253.4955386819237,320.80487170785733,302.4978127230086
2026-08-06,290.9741420180852,279.7337619295278,236.8061215620474,234.58683961228013,233.72412334886238,295.3431781103344,293.1385138226472
2026-08-07,274.4485718934509,227.85838785940993,220.3016026862127,218.5680092022661,219.7422517872681,275.3165657602765,271.7291527563048
2026-08-08,324.07888315077935,322.0431527736018,317.7307443493791,304.9062951177407,297.1673756046056,324.6351969160427,323.3586354160085
2026-08-09,290.19774807526125,283.13395569727265,283.2222917831494,279.5149393028161,277.8045642313101,290.70769386667206,288.3614503052904
2026-08-10,286.0315528464453,283.15863870747097,261.32553174846726,257.18033514551445,244.8666221094179,292.44656935732246,287.4058446640736
2026-08-11,314.24859680670545,311.16240717070934,300.48429058872944,255.32810996705234,243.58129670743648,317.29186342751234,317.29186342751234
2026-08-12,415.98721791008916,388.7020394790586,360.4807899818688,343.7518537780938,324.4818171208477,416.17817633410687,415.9872179100892
2026-08-13,474.6004438579016,380.0016470686593,357.62968847424986,334.3349783833282,325.7382876737548,474.84782181628816,463.3445771653212
2026-08-14,362.45610916644375,303.5402804146459,243.23224147093572,233.34803465942576,230.71567574828524,366.73151500674777,366.73151500674777
2026-08-15,294.72581969947237,291.64619425701136,291.64619425701136,291.249122831999,222.3340388478262,307.8261428483584,306.28065085549656
2026-08-16,262.0048567861851,246.16533219989654,244.61869184434622,244.66796331926597,179.5651549069624,268.86368834897974,268.05693683829014
2026-08-17,74.68996807967588,72.14309562750307,66.64269379405388,63.72139457467093,61.803495828912354,80.49505604528227,77.07667179950742
2026-08-18,69.8240376726697,69.8240376726697,68.95480179659663,66.14524289298812,65.38208156071308,71.43125140257258,62.926781297849374
2026-08-19,86.54568891667803,83.36680865606344,81.31692868727548,81.31692868727532,72.08632955219439,86.92508440301444,85.31404319716283
2026-08-20,199.25902730771116,161.86162550941276,138.35723142299543,138.35723142299545,132.46372458810697,200.9179520605332,174.19717018870412
2026-08-21,61.707194491796145,61.947499520668984,61.947499520668984,62.03945173258791,61.43850621448996,63.61809870722462,60.89125636846909
2026-08-22,292.4853334293892,291.9417539542277,285.60977508350715,259.3319343135143,228.4929477700178,296.7394335185711,292.43181201494934
2026-08-23,288.66767137820773,273.7603252793098,270.19411654359055,260.0007417584769,234.74702339526084,289.7070927998493,267.1962194967704
2026-08-24,307.4896312554578,296.17090972165664,272.90580735317894,266.4707850421484,264.8149830666315,307.81125410097394,290.3253490965727
2026-08-25,198.45314897748233,189.88297724642004,190.54699243051414,188.6197005135262,186.49287688476468,210.613466166796,209.48073551523677
2026-08-26,152.60609480235726,137.10136722987568,126.33715017321308,106.58711600536444,105.03227878224598,171.37772727216247,168.964046234936
2026-08-27,270.88115039499513,241.78485180460473,226.10691187156627,216.63737233242244,216.63737233242244,309.740831629538,309.6911503949952
2026-08-28,96.00064121769985,67.90272361599608,64.1629791695793,58.826947986406594,57.687042580619476,100.06393010436484,95.17303397885648
2026-08-29,290.6571033218801,277.07533539735897,261.3795905008419,246.66533609153828,223.2837049371574,296.72434245652823,290.8933961446455
2026-08-30,274.84435357937963,271.6770249015446,217.02130755489208,216.15264462490768,194.726293996942,274.87256334656405,274.5865559383782
2026-08-31,324.7597588261797,315.368515469862,314.53001074599126,310.0040344674614,297.29369545360885,324.9703186180613,324.7597588261797
2026-09-01,324.47134231170514,303.8364414141267,274.1643958891851,262.0798545448819,231.76562157633782,325.5111243931452,325.2456559071938
2026-09-02,202.70280621418894,202.70280621418894,202.2516084176596,199.19183655324517,198.63870030910655,203.55991129113417,203.55991129113417
2026-09-03,291.25086021708165,286.0833363728926,232.58804219378086,200.3288450300904,200.46839412883355,303.5527023432528,288.23024514625695
2026-09-04,267.143661249527,238.31713196630818,218.58587055716814,195.98619821554232,182.44521025653955,268.21652410160283,268.00291230813707
2026-09-05,183.64249204564445,168.42432509912268,161.3010502725721,137.38356881596707,104.52772714187212,185.58527367187455,183.49793027749288
2026-09-06,328.2741446991481,322.64736286450085,309.022780243965,291.0417191748421,287.94189937471145,334.7410937692705,329.0252308007464
2026-09-07,317.56265921821904,308.86361527813494,308.86361527813494,302.9158376613501,296.93657718793645,336.37487081327043,336.22491946493767
2026-09-08,428.68907011870823,377.25543942609846,306.4125093389875,290.99078204206955,288.65942313131626,433.7340945705378,428.6890701187083
2026-09-09,222.92522872928856,201.53704826675914,201.45029897657247,187.7736547468907,177.04631433150632,224.1736670476349,223.03903611758076
2026-09-10,451.3881314492813,460.9994409979495,466.716387609941,397.3028609671559,385.12401389332234,549.5021616896606,459.35732341887183
2026-09-11,204.54998487902782,194.06861225966148,192.62502597288338,188.22291306000795,151.12981214604596,204.54998487902785,204.54998487902785
2026-09-12,352.29198682243646,350.82890337086815,350.76848892780913,350.76848892780913,336.03066518112985,371.18288412177606,363.22534595858485
2026-09-13,156.65723652722008,156.46661274231724,152.6136036977655,152.27486575153253,147.39204764799123,160.92457129222592,156.65723652722008
2026-09-14,594.2254495832666,594.2254495832667,594.2830345304412,535.3219060180621,458.15729556998554,741.0668245002896,598.7170846311144
2026-09-15,437.654823482823,426.00748755558857,425.56672483166045,404.4034012525258,395.58429484825564,439.6060195510554,437.654823482823
2026-09-16,231.54131994518633,210.24728568512649,213.78043531019992,210.557290356319,194.45415666968145,232.6666810145021,232.6666810145021
2026-09-17,369.8715544186462,359.0938895473545,353.56725122691444,349.6439330269923,340.0138661863159,374.9859686276161,369.8715544186463
2026-09-18,358.69140395759763,352.9852547343049,345.59613108804507,331.1633385272602,329.1909576367505,368.1981729792576,363.5736533666732
2026-09-19,196.62316969962583,195.25740573737284,186.066257046669,166.28927313843658,166.21938264446777,196.98989667302337,196.50040303751865
2026-09-20,77.00312361068407,71.1848281367603,69.62219086240432,0.0,0.0,82.4346250605596,77.98349242323148
2026-09-21,388.2466233647017,348.90601909614526,345.32616632891586,325.4987537095931,307.81726866205446,392.0608843162586,389.539031758023
2026-09-22,568.7756645623508,551.1987204089339,497.3436602381488,451.96660097167177,442.8611502115772,622.0602367859746,593.9266400345683
2026-09-23,427.60536308942693,427.1660630526165,415.40356167872613,409.50861078654674,340.3695825233007,434.3767599581042,427.1660630526165
2026-09-24,353.1788858344358,298.64523871499847,281.06681258818264,225.6434589306892,206.78419979604712,370.1295784625584,362.8090626160977
2026-09-25,441.9889845449022,423.9703921850912,385.78102944753635,385.78102944753635,374.7923029513788,442.092765625416,440.0348043888423
2026-09-26,363.2952281845376,349.94515190949045,318.8392199952791,318.6227380824781,318.1610580013086,372.0245575627343,370.1624625060844
2026-09-27,341.87260360947636,329.48107593957593,313.4651805537494,313.74231777613926,294.516711134328,343.0899995731369,342.1286975067752
2026-09-28,270.0617319021348,257.5761378600745,256.6321466809322,254.8372609620434,246.94023517609963,283.31393033560903,283.1006328312876
2026-09-29,249.50526148418737,250.1932159948309,248.96146427459803,234.33328406926105,234.24436531547337,255.48790210937693,249.50526148418737
2026-09-30,326.85078502061936,309.70320920794575,274.64602147678926,272.1209830509248,271.79791671386135,347.7042330125725,321.7133747057072
