feature,xgb-reg,xgb-rank,mean
price_lag1,0.5574113598281633,0.0021773574801582053,0.27979435865416075
residual_load_fc_dev,0.008135032390736279,0.3719169011131569,0.19002596675194658
residual_load_fc_rank,0.004645931446509896,0.37061861584113004,0.18763227364381996
price_lag1_day_mean,0.12546007791758898,0.0020364666236425064,0.06374827227061575
price_lag7,0.0929106542125046,0.0023279390487356806,0.047619296630620145
price_profile28,0.0018417907647623143,0.08926769007703872,0.04555474042090052
residual_load_fc,0.04496583175777825,0.00720912911826795,0.0260874804380231
price_lag1_day_max,0.032149238833251575,0.001530467126470069,0.016839852979860823
wind_pv_share,0.016092364221148278,0.0055743778850017274,0.010833371053075002
price_lag7_rank,0.00048795279097180183,0.020055121368326073,0.010271537079648937
wind_onshore_fc,0.01594241388038346,0.0031886074853073694,0.009565510682845415
local_hour,0.00074760896116802,0.01432664044702609,0.007537124704097055
price_lag7_day_max,0.01077572689036409,0.0022740750849912514,0.006524900987677671
price_lag7_day_mean,0.010729282621039468,0.0013767926395454734,0.006053037630292471
price_lag1_day_spread,0.009234021731474477,0.0028246708092263353,0.006029346270350406
residual_load_fc_day_mean,0.005096025068389353,0.006896537479304302,0.005996281273846828
price_lag1_rank,0.0003825699192339531,0.011447188946538525,0.0059148794328862395
doy_cos,0.0056981830186980205,0.005970200397420757,0.005834191708059389
residual_load_fc_day_min,0.005303597437831837,0.005629910935780419,0.005466754186806129
load_fc,0.0018430883750766359,0.008517334024980242,0.005180211200028439
wind_fc_day_energy,0.007085209458535326,0.003103072608050574,0.00509414103329295
price_lag1_day_min,0.007785665191101031,0.001955811583400687,0.004870738387250859
weekday,0.00604101060608692,0.0030580941087244885,0.004549552357405704
doy_sin,0.0035283376261530408,0.004963779804088035,0.004246058715120538
residual_load_fc_day_max,0.003843902837289647,0.0045055016000097765,0.004174702218649712
wind_offshore_fc,0.004188177098225613,0.0032191133045152962,0.0037036452013704544
wind_pv_norm,0.000745175363423662,0.006153003019722886,0.003449089191573274
pv_fc_day_energy,0.00186889366649177,0.004307403679826252,0.003088148673159011
load_actual_lag7,0.0008675782568979549,0.004911929737218746,0.0028897539970583505
wind_pv_fc,0.0008378959993628534,0.004879403021236653,0.0028586495102997534
price_lag7_day_spread,0.0032064760633893777,0.0023553929119685623,0.00278093448767897
residual_load_actual_lag7,0.0022398140544617274,0.0028504224007184628,0.002545118227590095
price_lag7_day_min,0.003313948010061755,0.0016898283832139504,0.0025018881966378526
pv_fc,0.0006034012318671517,0.0037163905386188877,0.0021598958852430197
load_actual_lag2,0.0008470737994667969,0.0034217549369328208,0.0021344143681998086
pv_norm,0.0003610051627991417,0.0037292649084595944,0.002045135035629368
residual_load_actual_lag2,0.0007349137149694283,0.003234373602901564,0.0019846436589354964
month,0.0018874875695617623,0.0020079582385842346,0.0019477229040729986
dst,8.219385076207967e-05,0.0002879855679842397,0.0001850897093731597
holiday,6.886090271669312e-05,0.0002597094758714011,0.00016428518929404712
n_hours,4.3630409667424415e-06,0.00016315573673012144,8.375938884843194e-05
bridge_day,5.864428335032386e-06,6.0626899174112716e-05,3.324566375457255e-05
