period,strategy,rmse_eur_mwh,mae_eur_mwh,spearman_rho_mean,spearman_days,hit_rate_cheapest2,hit_rate_dearest2
test year,S-xgb-reg,30.262187496381937,19.214688967541303,0.936450027070457,365,0.6931506849315069,0.7150684931506849
test year,S-xgb-rank,30.011605835205184,19.06955177168878,0.9522467235344693,365,0.736986301369863,0.7493150684931507
test year,S-lstm-reg,28.50093478047842,18.818422985059563,0.9449945465179883,365,0.7246575342465753,0.7301369863013699
test year,S-lstm-rank,28.380294603294054,18.744289505446588,0.9541642170947322,365,0.736986301369863,0.7561643835616438
2025-10-01,S-xgb-reg,22.91412888092851,14.950899286368022,0.9082270878546983,92,0.5706521739130435,0.6195652173913043
2025-10-01,S-xgb-rank,22.554349784008473,14.775972568517888,0.9212884058135977,92,0.5706521739130435,0.6739130434782609
2025-10-01,S-lstm-reg,21.912378145158783,15.099016497927803,0.9181654339492518,92,0.6141304347826086,0.657608695652174
2025-10-01,S-lstm-rank,21.830215712673354,15.009471425836015,0.9242371151701108,92,0.5869565217391305,0.6739130434782609
2026-01-01,S-xgb-reg,20.08476507099721,13.966228309355715,0.9162956229869182,90,0.5777777777777777,0.7166666666666667
2026-01-01,S-xgb-rank,19.86614465836533,13.804588163392639,0.9409454793608961,90,0.6888888888888889,0.7444444444444445
2026-01-01,S-lstm-reg,18.21735402821701,13.487101845250212,0.9278632213673524,90,0.5888888888888889,0.7333333333333333
2026-01-01,S-lstm-rank,18.08010436582898,13.406622406664516,0.9460186332985763,90,0.6777777777777778,0.75
2026-04-01,S-xgb-reg,35.72157665618773,18.938767569924163,0.9648534314198138,91,0.8241758241758241,0.7857142857142857
2026-04-01,S-xgb-rank,35.564697500082254,18.810185420413745,0.9747770079449292,91,0.8516483516483516,0.8186813186813187
2026-04-01,S-lstm-reg,34.09729482520247,19.079595749864986,0.9729405457677112,91,0.8406593406593407,0.8351648351648352
2026-04-01,S-lstm-rank,34.190945532267754,19.128733305017303,0.9737289190215163,91,0.8241758241758241,0.8351648351648352
2026-07-01,S-xgb-reg,38.097704868137946,28.885318632002488,0.956294559457161,92,0.7989130434782609,0.7391304347826086
2026-07-01,S-xgb-rank,37.78202799939767,28.769746065756063,0.9719752161930547,92,0.8369565217391305,0.7608695652173914
2026-07-01,S-lstm-reg,35.60701968817323,27.4941883621372,0.9609403257370775,92,0.8532608695652174,0.6956521739130435
2026-07-01,S-lstm-rank,35.25303001638557,27.319747451944696,0.9727077827836651,92,0.8586956521739131,0.7663043478260869
