delivery_day,S-perfect,S-lstm-reg,S-lstm-rank,diff,order_diff_true_values
2026-09-14,741.0668245002896,733.9491322479796,626.1087002304075,-107.84043201757208,-3.831524572715125
2026-09-22,622.0602367859746,620.2547822405201,593.9266400345683,-26.328142205951735,1.6768399660019213
2026-07-13,225.68755841748856,224.61408210068177,205.13051645279586,-19.48356564788591,-20.077193428424494
2026-07-02,255.7885710558365,247.33871979188913,230.05669726032238,-17.282022531566753,-15.689373443983868
2026-07-01,196.6361543063044,182.4170559932037,167.066290021852,-15.350765971351677,14.274775727214006
2026-08-06,295.3431781103344,291.56032665156994,279.04645532500837,-12.51387132656157,-13.470134828434254
2026-09-21,392.06088431625864,391.44948407832163,383.3019242102323,-8.147559868089331,-1.7455336813742974
2026-08-23,289.7070927998493,288.9565761695958,281.11657616959576,-7.840000000000032,-7.354571911403127
2026-07-26,269.176983092977,266.280841782923,259.5223891496928,-6.758452633230206,-7.656640946047901
2026-07-14,177.26637537140647,176.84120363355672,170.11983784972975,-6.721365783826968,-6.739828262150212
