quarter_start,strategy,days,profit_eur_per_mw_year,mean_daily_profit_eur,capture_rate,var5_p5_of_daily_profit_eur,es5_mean_of_worst5pct_days_eur,max_drawdown_eur,losing_day_share,rmse_eur_mwh,mae_eur_mwh,spearman_rho_mean,spearman_days,hit_rate_cheapest2,hit_rate_dearest2
2025-10-01,S-perfect,92,37310.82346392002,102.22143414772607,1.0,13.157173498214796,7.026017754338243,0.0,0.0,0.0,0.0,1.0,92,1.0,1.0
2025-10-01,S-naive-1d,92,22778.44841340322,62.40670798192664,0.6105051108140307,-15.429352064998838,-25.494459430156645,51.90849992437779,0.16304347826086957,40.21486261226821,25.73381507469443,0.6854896288560076,92,0.33695652173913043,0.42934782608695654
2025-10-01,S-naive-7d,92,19582.431153888643,53.65049631202368,0.5248458580075316,-14.518480540211202,-27.273906013287036,46.57369455818025,0.18478260869565216,51.472232766247224,34.60808736985061,0.6965585673677409,92,0.34782608695652173,0.45652173913043476
2025-10-01,S-xgb-reg,92,32742.85946050303,89.70646427535077,0.8775700030358683,4.924868655383815,-3.353932352131385,15.97037179458539,0.03260869565217391,22.91412888092851,14.950899286368022,0.9082270878546983,92,0.5706521739130435,0.6195652173913043
2025-10-01,S-xgb-rank,92,33691.36908266219,92.30512077441695,0.9029918386883666,7.832886178553906,-2.6130969965282254,13.14439629929177,0.03260869565217391,22.554349784008473,14.775972568517888,0.9212884058135977,92,0.5706521739130435,0.6739130434782609
2025-10-01,S-lstm-reg,92,33015.183117692635,90.45255648682914,0.8848687874610617,7.548742536967772,-0.9798907633692338,11.306000640050456,0.021739130434782608,21.912378145158783,15.099016497927803,0.9181654339492518,92,0.6141304347826086,0.657608695652174
2025-10-01,S-lstm-rank,92,33155.89963350367,90.83808118768128,0.8886402538278416,9.139077179748561,-1.602224373400776,11.265191808390796,0.03260869565217391,21.830215712673354,15.009471425836015,0.9242371151701108,92,0.5869565217391305,0.6739130434782609
2026-01-01,S-perfect,90,46379.02842759866,127.06583130848949,1.0,20.80512710600597,17.45046560445292,0.0,0.0,0.0,0.0,1.0,90,1.0,1.0
2026-01-01,S-naive-1d,90,33193.81372370347,90.94195540740675,0.7157073972673151,-17.559076453815905,-35.43513647476933,61.3940321911884,0.13333333333333333,39.65559617158979,27.460387332098193,0.690516893200668,90,0.3888888888888889,0.45555555555555555
2026-01-01,S-naive-7d,90,29131.892461987805,79.81340400544605,0.6281264064741028,-2.2074100373600944,-52.449846349866505,222.30445224210388,0.07777777777777778,45.48524509478007,31.440892774432605,0.7099729384591199,90,0.4444444444444444,0.49444444444444446
2026-01-01,S-xgb-reg,90,42856.57154401088,117.4152645041394,0.9240506538620873,12.805738627891817,8.624243942041085,0.33798517315653953,0.011111111111111112,20.08476507099721,13.966228309355715,0.9162956229869182,90,0.5777777777777777,0.7166666666666667
2026-01-01,S-xgb-rank,90,43132.69939223916,118.17177915681962,0.9300043759987926,11.445394722301508,6.1026949916966995,0.0,0.0,19.86614465836533,13.804588163392639,0.9409454793608961,90,0.6888888888888889,0.7444444444444445
2026-01-01,S-lstm-reg,90,43666.288555864194,119.63366727634025,0.941509342396655,10.425890433948112,5.682794272393475,0.0,0.0,18.21735402821701,13.487101845250212,0.9278632213673524,90,0.5888888888888889,0.7333333333333333
2026-01-01,S-lstm-rank,90,43748.01771713123,119.85758278666091,0.9432715432024488,12.555739271553028,7.9006708501180345,0.0,0.0,18.08010436582898,13.406622406664516,0.9460186332985763,90,0.6777777777777778,0.75
2026-04-01,S-perfect,91,104896.80514243699,287.3885072395534,1.0,93.9563941987584,74.36301267091213,0.0,0.0,0.0,0.0,1.0,91,1.0,1.0
2026-04-01,S-naive-1d,91,91731.13509078091,251.31817833090662,0.8744893132466837,59.826916608060834,19.566600811868557,51.11965944800613,0.02197802197802198,54.91209560223947,32.56486492673993,0.8591867164685935,91,0.7032967032967034,0.6428571428571429
2026-04-01,S-naive-7d,91,90161.61633785955,247.01812695303985,0.8595268103297439,54.44355491521412,28.03603086286377,0.0,0.0,65.64769939950372,40.43545730311355,0.8533685163868258,91,0.6593406593406593,0.6043956043956044
2026-04-01,S-xgb-reg,91,99422.0007386599,272.3890431196162,0.9478077106700917,80.67894639300184,60.941554166780634,0.0,0.0,35.72157665618773,18.938767569924163,0.9648534314198138,91,0.8241758241758241,0.7857142857142857
2026-04-01,S-xgb-rank,91,100125.02724985006,274.31514315027414,0.9545097881092999,81.58387383191862,66.02202993926745,0.0,0.0,35.564697500082254,18.810185420413745,0.9747770079449292,91,0.8516483516483516,0.8186813186813187
2026-04-01,S-lstm-reg,91,100139.44494351567,274.35464368086485,0.9546472345610392,86.45451262666347,65.35682454061548,0.0,0.0,34.09729482520247,19.079595749864986,0.9729405457677112,91,0.8406593406593407,0.8351648351648352
2026-04-01,S-lstm-rank,91,100333.59913565287,274.8865729743914,0.9564981411913561,78.05539107337715,65.8332910346351,0.0,0.0,34.190945532267754,19.128733305017303,0.9737289190215163,91,0.8241758241758241,0.8351648351648352
2026-07-01,S-perfect,92,103899.7793524638,284.65692973277754,1.0,87.20388551534104,76.98082312373072,0.0,0.0,0.0,0.0,1.0,92,1.0,1.0
2026-07-01,S-naive-1d,92,93606.35676920602,256.45577197042746,0.9009293123872866,76.73812398678737,57.82257068040603,0.0,0.0,52.46505444302394,33.510767663043474,0.8895618436810822,92,0.7119565217391305,0.6413043478260869
2026-07-01,S-naive-7d,92,92590.4918325619,253.67258036318327,0.8911519582583818,68.10724393768169,60.02518974929366,0.0,0.0,64.5032761058337,42.94019701086956,0.9140066025887227,92,0.6413043478260869,0.5652173913043478
2026-07-01,S-xgb-reg,92,101164.82980671038,277.1639172786586,0.973677041830132,82.01529534889372,70.05361973795347,0.0,0.0,38.097704868137946,28.885318632002488,0.956294559457161,92,0.7989130434782609,0.7391304347826086
2026-07-01,S-xgb-rank,92,101897.94717048045,279.1724580013163,0.9807330468412983,82.10943710192923,71.65121441681558,0.0,0.0,37.78202799939767,28.769746065756063,0.9719752161930547,92,0.8369565217391305,0.7608695652173914
2026-07-01,S-lstm-reg,92,102393.08400059218,280.5289972618964,0.9854985702446932,82.6913947518153,69.70699684679013,0.0,0.0,35.60701968817323,27.4941883621372,0.9609403257370775,92,0.8532608695652174,0.6956521739130435
2026-07-01,S-lstm-rank,92,101862.78548195338,279.07612460809145,0.9803946275612363,83.25201481720926,72.80475396610666,0.0,0.0,35.25303001638557,27.319747451944696,0.9727077827836651,92,0.8586956521739131,0.7663043478260869
