delivery_day,n_hours,S-perfect,S-xgb-reg,S-xgb-rank,S-lstm-reg,S-lstm-rank,"xgb: true order, model values","xgb: reg order, true values","xgb: rank order, true values","lstm: true order, model values","lstm: reg order, true values","lstm: rank order, true values"
2025-10-01,24,386.01663061847165,386.01663061847165,384.132599384476,386.01663061847165,384.132599384476,386.01663061847165,386.01663061847165,384.132599384476,386.01663061847165,386.01663061847165,384.132599384476
2025-10-02,24,190.3802728060006,158.5397687001603,166.62720778499212,189.87716323568637,189.87716323568637,190.3802728060006,180.5931070347262,189.87716323568637,190.3802728060006,189.87716323568637,189.87716323568637
2025-10-03,24,174.40663290172964,153.96275312651244,153.96275312651244,153.96275312651244,153.96275312651244,174.40663290172964,153.96275312651244,153.96275312651244,174.40663290172964,153.96275312651244,153.96275312651244
2025-10-04,24,0.0,-15.97037179458542,-13.144396299291802,-11.306000640050408,-11.26519180839077,-11.127515102392591,0.0,0.0,-11.070481242145515,0.0,0.0
2025-10-05,24,34.51604209920107,27.842402823878096,28.30340456726897,19.512029946462945,20.093591153630065,33.25478787773513,29.55314915623317,29.540113448832,22.661337195268928,31.00541826669856,29.124485042723233
2025-10-06,24,156.38838870785133,149.98605740494406,151.17911997568063,152.44556068866473,150.87793407344498,152.44556068866473,151.48519043098597,152.6782530017225,156.28837961694225,156.38838870785133,154.82076209263158
2025-10-07,24,279.59380593544324,266.0019593334578,255.09802160104772,191.37837040290276,266.210365642922,279.59380593544324,266.0019593334578,255.09802160104772,279.59380593544324,191.37837040290276,266.210365642922
2025-10-08,24,150.58793833215023,150.2195592779178,143.13518088472412,147.69262559756143,143.13518088472412,144.0916581574514,150.05623341480808,150.1956659813142,150.35151350222125,147.9290504274904,143.13518088472412
2025-10-09,24,74.83037691744272,68.74736174870746,69.29163393700891,56.04600038849769,72.70988589771798,74.83037691744272,68.74736174870746,69.29163393700891,74.83037691744272,68.72197584101299,73.68003954448268
2025-10-10,24,51.458380542661416,48.93962727963624,50.42498228838083,44.93156042636518,47.138407163340005,51.458380542661416,48.93962727963624,50.42498228838083,51.458380542661416,48.93962727963624,51.458380542661416
2025-10-11,24,93.68452236244391,90.1807817898558,93.68452236244391,93.68452236244391,93.68452236244391,93.68452236244391,90.1807817898558,93.68452236244391,93.68452236244391,93.68452236244391,93.68452236244391
2025-10-12,24,57.44223637532788,57.41421900159188,57.44223637532788,57.44223637532788,56.232627424908884,57.40137125562457,57.41421900159188,57.41421900159188,57.40137125562457,57.41421900159188,57.41421900159188
2025-10-13,24,354.5039894963884,351.9734879469082,347.8782693140563,350.94318150763456,280.76916458413416,351.5654968349131,351.9734879469082,351.9734879469082,354.5039894963884,350.94318150763456,280.76916458413416
2025-10-14,24,521.7840058840233,516.9557324591627,521.5544784283901,520.6470732211334,521.7491889946353,521.7840058840233,516.9557324591627,521.5544784283901,521.7840058840233,520.6470732211334,521.7491889946353
2025-10-15,24,307.0289463523254,193.43882210126685,283.31941517595783,197.37174032157577,254.81681818181818,307.0289463523254,193.43882210126685,283.31941517595783,307.0289463523254,197.37174032157577,254.81681818181818
2025-10-16,24,65.38951378936791,36.7311490181553,49.62285573466187,38.04254785954325,60.21285573466187,65.38951378936791,36.7311490181553,49.62285573466187,65.38951378936791,38.04254785954325,60.21285573466187
2025-10-17,24,56.88865297911684,56.54529591273919,56.663137074609836,56.778696145586835,56.74990481125042,56.88865297911684,56.54529591273919,54.40204394967722,56.88865297911684,56.778696145586835,56.74990481125042
2025-10-18,24,65.80174282828004,65.54809483149901,65.54809483149901,54.58284959431707,65.54809483149901,65.80174282828004,65.54809483149901,65.54809483149901,65.80174282828004,65.54809483149901,65.54809483149901
2025-10-19,24,112.6731266338202,111.24093845368779,111.24093845368779,111.24093845368779,109.97458411924552,112.6731266338202,111.24093845368779,111.24093845368779,112.6731266338202,111.24093845368779,109.97458411924552
2025-10-20,24,108.77545454545455,107.44218006966327,107.46709642178448,82.8021931874095,107.46709642178448,108.77545454545455,107.44218006966327,107.46709642178448,108.77545454545455,82.8021931874095,107.46709642178448
2025-10-21,24,128.89269231468572,123.40303780413839,126.11118296619338,108.0082554424119,118.27430080573967,128.89269231468572,124.32554958782637,125.91690478347167,128.07413751164793,125.78301663560077,118.47721920316451
2025-10-22,24,317.83438324166934,310.37929538528147,314.0615762641215,316.1323852466626,310.37929538528147,205.56342109956663,310.37929538528147,314.0615762641215,205.56342109956663,316.1323852466626,310.37929538528147
2025-10-23,24,60.55753678778733,55.61409957584904,55.61409957584904,55.61409957584904,55.61409957584904,60.55753678778733,55.61409957584904,55.61409957584904,60.55753678778733,55.61409957584904,55.61409957584904
2025-10-24,24,140.05321817177898,137.7657098280996,138.47925866402176,138.5208792597231,138.3569403325387,140.05321817177895,137.87177761038737,138.43053432622122,139.56754544450624,138.5208792597231,138.3569403325387
2025-10-25,24,81.82023514758446,69.57569848838307,75.69589309612206,40.36474899257609,32.99216172710217,81.82023514758446,70.886421873247,75.69589309612206,80.96572635665346,69.36414887286858,75.96560704119933
2025-10-26,25,51.059586524445464,5.196990691919119,17.920107748460403,20.577927181509622,29.32187720981471,27.20515681707679,15.788916656540266,46.52416309801281,30.287785600591327,46.09884387270614,48.1964245873593
2025-10-27,24,139.79757079287825,126.58615118188703,135.26938294964953,126.55802963618765,126.678651181887,139.75736705768804,126.58615118188703,135.26938294964953,139.75736705768804,126.55802963618765,126.678651181887
2025-10-28,24,104.37929442398945,91.93964403344205,91.93964403344205,87.40502040847298,90.71092529219762,92.44061121913747,96.40749744405804,96.40749744405804,92.44061121913747,87.28211513884406,92.84140312435113
2025-10-29,24,72.91407056011086,72.01021358371686,72.35531423486273,72.66206588117623,72.5499863109896,72.91407056011086,72.0346772200805,72.35531423486273,72.91407056011086,72.66206588117623,72.5499863109896
2025-10-30,24,172.36102647919495,162.69689767286906,166.70998691377974,166.70998691377974,160.56459763175695,172.30248691377972,162.69689767286906,167.09885286346335,172.36102647919495,167.09885286346335,160.95346358144056
2025-10-31,24,75.83388513088732,68.15490550257766,58.721730861058745,46.667021105123155,69.53854186621402,75.83388513088732,68.36747003769386,57.8376215951636,75.83388513088732,46.667021105123155,69.53854186621402
2025-11-01,24,87.31749833163846,68.67441321529412,76.77727478443165,78.47188235665459,78.47188235665459,87.31749833163846,68.67441321529412,76.77727478443165,87.06441321529411,78.47188235665459,78.47188235665459
2025-11-02,24,72.0247120913802,69.01486735348317,69.01486735348317,69.41352898742261,65.01269270140213,72.0247120913802,69.01486735348317,69.01486735348317,72.0247120913802,69.41352898742261,65.01269270140213
2025-11-03,24,80.8859521558154,46.53113212320744,69.37727272727271,73.36860344276941,33.288472697691844,76.1578154394984,46.53113212320744,69.37727272727271,76.1578154394984,73.36860344276941,33.288472697691844
2025-11-04,24,155.80125905206626,136.25161549927373,137.04266214477641,134.36096930067413,137.93076389940217,142.34775238319025,151.18860819546106,154.351385667286,142.34775238319025,153.1069036500065,153.64553068222077
2025-11-05,24,100.17570204343167,71.5478406098065,71.5478406098065,82.54072714855441,84.9800667017552,99.53686089181642,71.5478406098065,72.58321239572608,99.53686089181642,82.79725666949297,86.01543848767479
2025-11-06,24,81.56222203989498,81.33018871949758,72.5269077807672,72.5269077807672,72.7589411011646,81.45011495624493,81.33018871949758,72.5269077807672,81.56222203989498,72.5269077807672,72.7589411011646
2025-11-07,24,114.08821829617835,96.2483597499748,96.19704196514236,96.19704196514236,96.8922336319415,114.08821829617835,96.2483597499748,96.19704196514236,114.08821829617835,96.19704196514236,96.8922336319415
2025-11-08,24,31.883601577419174,30.6199506635694,31.814957852370018,31.614656848975788,30.82025166696363,31.883601577419174,30.6199506635694,31.814957852370018,31.883601577419174,31.614656848975788,30.82025166696363
2025-11-09,24,26.372423794266243,23.30242379426625,23.74205766942578,23.18955766942577,16.964374293533727,26.372423794266243,23.30242379426625,23.74205766942578,26.372423794266243,23.18955766942577,16.964374293533727
2025-11-10,24,84.00238820556515,64.39746920497717,82.07505538028016,82.4250966518434,79.27746920497714,84.00238820556515,64.39746920497717,82.07505538028016,84.00238820556515,82.4250966518434,79.27746920497714
2025-11-11,24,89.08073374193737,89.06043764054061,89.08073374193737,89.08073374193737,64.28440951989492,89.08073374193737,88.40161423342303,88.42191033481978,89.08073374193737,89.08073374193737,63.803245250605926
2025-11-12,24,75.42709926225521,74.77110286367949,69.9813734650175,75.42709926225521,69.9813734650175,75.42709926225521,74.77110286367949,69.9813734650175,75.42709926225521,74.77110286367949,69.35754714905079
2025-11-13,24,126.17173430020978,83.99416257370302,120.19768615114253,123.15856737822918,91.40650656530097,125.38518615114253,83.99416257370302,119.97597458313791,125.38518615114253,123.15856737822918,91.40650656530097
2025-11-14,24,57.51669591534659,23.07296538863646,36.581951576715085,37.380792926974834,37.380792926974834,57.51669591534659,22.274124038376684,36.581951576715085,57.51669591534659,36.581951576715085,36.581951576715085
2025-11-15,24,32.348835387724534,29.78671971060632,27.425853462394713,17.181080743481054,17.181080743481054,32.348835387724534,29.78671971060632,27.425853462394713,21.954446213651487,29.23691971060632,28.255853462394725
2025-11-16,24,36.2597264988203,32.7918864960846,33.30734425597859,30.60586584303059,33.32846540214757,36.2597264988203,32.7918864960846,33.30734425597859,36.2597264988203,30.60586584303059,33.32846540214757
2025-11-17,24,58.06181337248849,48.324957238149764,50.05196230767011,48.73549365350915,42.32458921204092,58.06181337248849,48.324957238149764,50.05196230767011,58.06181337248849,48.73549365350915,42.32458921204092
2025-11-18,24,80.85603908056865,78.95599474995106,80.6119490643776,80.51459378125497,80.6119490643776,80.85603908056865,78.95599474995106,80.6119490643776,80.85603908056865,80.51459378125497,80.6119490643776
2025-11-19,24,46.948473551463024,29.14406675243596,28.85840493081848,28.843554124918413,28.843554124918413,46.948473551463024,46.948473551463024,30.372025469585495,46.948473551463024,30.357174663685427,30.357174663685427
2025-11-20,24,117.8122480926383,106.74580544286157,102.97448997218918,106.74580544286157,105.19796864730078,117.8122480926383,105.19796864730078,102.97448997218918,117.8122480926383,106.74580544286157,105.19796864730078
2025-11-21,24,259.9093663828105,217.2686489405742,192.30614894057422,256.5875274857159,218.68947601030314,259.9093663828105,217.2686489405742,192.30614894057422,259.9093663828105,256.5875274857159,218.68947601030314
2025-11-22,24,27.7630642149446,19.118864664493458,18.454764807319094,19.010864784873704,19.010864784873704,27.572234659307895,19.118864664493458,19.010864784873704,27.7630642149446,19.903810239419172,19.010864784873704
2025-11-23,24,5.10284875495984,-9.519280243485042,-9.231057315880655,-10.860713866304074,-10.860713866304074,5.065121107615507,-3.9329683835999454,-4.59143585844642,4.097965869292985,-4.715357583234709,-9.309032166975712
2025-11-24,24,258.39649508258447,248.40124691729397,252.07269850338955,254.17994474492443,250.2282984214338,258.39649508258447,248.40124691729397,246.1643254956524,258.39649508258447,248.2715717371873,250.2282984214338
2025-11-25,24,451.25071540061003,403.1268784092563,398.4591220279941,393.7664581874085,393.7664581874085,449.65818592512005,403.1268784092563,398.4591220279941,451.25071540061003,393.7664581874085,393.7664581874085
2025-11-26,24,347.58824507168424,295.9739639582711,295.9739639582711,295.876443666194,288.7083548829368,347.58824507168424,295.9739639582711,295.9739639582711,347.58824507168424,295.876443666194,288.7083548829368
2025-11-27,24,53.83726590503335,51.433357471108906,52.309790455048784,49.00029680164073,52.309790455048784,53.08658041064882,53.541569858667685,52.309790455048784,52.486929809437726,49.00029680164073,52.309790455048784
2025-11-28,24,41.87289680998937,34.03595234407909,33.13908680028756,28.424739879312273,33.13908680028756,41.66049728382758,34.677929581885124,29.045008183375643,41.66049728382758,24.33066126240037,29.045008183375643
2025-11-29,24,8.998839384506713,4.279306620004423,7.304270784320597,8.753386860969218,8.753386860969218,8.224189255530348,4.6710774800062325,7.495509562164315,8.998839384506713,8.882912289850452,8.882912289850452
2025-11-30,24,20.47808527927285,15.852585279272859,20.47808527927285,18.139964364965017,18.139964364965017,20.47808527927285,15.852585279272859,20.47808527927285,20.304964364965024,18.447135255269302,18.447135255269302
2025-12-01,24,71.853728256538,16.83155695998265,63.731015472094555,63.8024643493693,63.731015472094555,71.853728256538,16.83155695998265,63.731015472094555,71.853728256538,63.8024643493693,63.731015472094555
2025-12-02,24,125.48398240915142,110.5771131020633,106.65551691630556,87.96983204492572,110.5771131020633,125.48398240915142,110.5771131020633,109.11818918685559,125.48398240915142,87.96983204492572,110.5771131020633
2025-12-03,24,316.53592392571056,309.31434082650765,309.68493531610426,309.58834540265855,309.66925946543194,316.53592392571056,309.31434082650765,309.68493531610426,316.53592392571056,315.7058425646349,309.66925946543194
2025-12-04,24,77.02785085591498,44.622237313153306,32.855449678305035,48.11588561180869,47.51721025705052,75.14422776259337,47.85720968685655,36.54354080353943,75.14422776259337,51.35085798551194,50.814099478789075
2025-12-05,24,140.1778219506189,127.34471976299852,136.38694885764588,140.1778219506189,140.14221976299856,140.1778219506189,127.34471976299852,140.1778219506189,140.1778219506189,140.1778219506189,140.14221976299856
2025-12-06,24,14.782274970279673,5.947672175348046,11.559517352015675,11.559517352015675,11.535485447890267,14.460219189168868,6.295662859556458,11.559517352015675,14.460219189168868,11.77652183236852,11.854274051703058
2025-12-07,24,80.5434673247528,69.21698619082544,80.5434673247528,79.57717669240684,79.73789541403637,80.5434673247528,69.21698619082544,80.5434673247528,80.5434673247528,79.57717669240684,79.73789541403637
2025-12-08,24,94.78244334326516,93.5727719838111,94.0285469415208,88.35685369186803,94.0285469415208,94.77821911403134,93.5727719838111,94.0285469415208,94.7574628979286,88.35685369186803,94.07996373172591
2025-12-09,24,70.62680577985587,62.56560598086729,64.1736776143682,63.711468343784574,62.709219287420936,70.62680577985587,62.56560598086729,64.1736776143682,69.35311992772581,63.711468343784574,62.709219287420936
2025-12-10,24,63.4542119424474,59.006406507038534,59.006406507038534,61.896620999306734,58.05163463832311,62.30530246658917,58.26236300180692,58.26236300180692,62.710168437215756,61.896620999306734,59.006406507038534
2025-12-11,24,21.517836667647575,14.960816440055215,17.49430849329191,17.87540141840877,17.87540141840877,20.17654541732705,15.068804900202252,17.70173666764758,20.11430905369069,18.099779312565047,21.39969025626485
2025-12-12,24,67.45876142252973,60.76007034930072,49.146606125882016,60.94537540514261,60.00011621580714,66.51350223319426,60.76007034930072,50.09186531521749,66.51350223319426,60.94537540514261,60.94537540514261
2025-12-13,24,29.86322528095234,23.253352462538633,16.723723082504993,16.88048158922786,16.88048158922786,29.86322528095234,23.253352462538633,16.723723082504993,29.86322528095234,16.88048158922786,16.88048158922786
2025-12-14,24,11.170938365691057,6.2191825915658825,9.454641986022569,10.945941765581072,9.454641986022569,11.170938365691057,6.2191825915658825,9.454641986022569,11.104987586778424,10.945941765581072,9.491115565313123
2025-12-15,24,22.592546402246313,19.002529737448043,19.002529737448043,17.12970808031308,19.28923413832706,18.810965576439976,19.002529737448043,18.94311770735597,18.164697394621797,17.12970808031308,19.28923413832706
2025-12-16,24,86.15930392722898,82.6586168383481,84.20430392722896,82.78596853714801,84.6119315347719,62.61311500624939,82.6586168383481,82.78596853714801,86.15930392722898,82.78596853714801,84.6119315347719
2025-12-17,24,46.687167801072974,32.4476961347319,32.5523118118501,32.12688677780383,42.32511970295835,45.79761970295834,32.4476961347319,32.5523118118501,45.79761970295834,32.12688677780383,42.32511970295835
2025-12-18,24,124.27699244680977,117.49772310914378,107.794181293126,121.30142352235268,111.59788170633487,124.27699244680977,117.49772310914378,107.794181293126,124.27699244680977,121.30142352235268,111.59788170633487
2025-12-19,24,87.65774091450089,76.82370081575101,79.63573595329979,74.8000168247986,75.71583729596458,87.34832553845534,87.10415233203891,84.7616523320389,82.06363109862266,75.90788034458504,87.10415233203891
2025-12-20,24,23.570420270318397,17.848051453176613,18.86323027933351,18.592344069178996,17.954918762612653,23.570420270318397,17.848051453176613,18.86323027933351,23.570420270318397,18.592344069178996,17.954918762612653
2025-12-21,24,14.983499002204017,-0.15159139776488573,-3.4832137684563342,6.07639947429934,-2.90399273620487,11.060997564950743,5.47029685608274,5.47029685608274,14.983499002204017,6.07639947429934,-2.90399273620487
2025-12-22,24,23.733769005314784,7.334248579039571,9.851748579039569,14.675152162877737,22.05355726920867,23.431201986086027,7.334248579039571,9.851748579039569,23.733769005314784,14.675152162877737,22.05355726920867
2025-12-23,24,9.857462266533602,5.639081186898313,8.265389682926614,5.639081186898313,8.265389682926614,8.977253462840935,6.171307668923816,8.623511916937957,8.937618311983215,6.171307668923816,8.623511916937957
2025-12-24,24,18.20980152661298,4.5922750551739995,5.4889116166670675,5.5517800283106595,12.852233055103426,17.616821058576605,4.360213523139823,5.256850084632891,17.301429543408346,5.319718496276483,12.852233055103426
2025-12-25,24,29.752860078174297,15.102198539346212,17.297313114943577,20.587705156398105,20.63460931399635,29.144866441104433,17.211289448437125,19.406404024034494,29.144866441104433,20.587705156398105,20.63460931399635
2025-12-26,24,15.879345685890687,9.890899861894198,9.48794568589068,10.754993276957421,9.897101477002408,15.879345685890687,9.890899861894198,11.49029716431879,10.004125945699982,15.770139100953902,15.755783321917168
2025-12-27,24,18.872116315997346,16.940534348628233,16.940534348628233,12.425427787510245,12.425427787510245,18.2775428506243,16.204131945324598,16.507489320670352,18.872116315997346,12.307650996185487,12.425427787510245
2025-12-28,24,16.757121667644796,16.168131105751275,16.168131105751275,11.833026984963599,15.065638331679637,13.892329239498217,16.168131105751275,15.725777442571726,13.892329239498217,11.833026984963599,14.645716944049514
2025-12-29,24,15.923770328333365,15.18212716906514,11.658275615279962,15.202093252552999,15.18212716906514,15.805410644509507,15.504502867165375,11.980651313380196,15.805410644509507,15.524468950653219,15.504502867165375
2025-12-30,24,22.880558599568417,20.197286121505883,18.123336402761502,22.561801521408597,21.812286121505892,20.29281346570351,17.4369273118524,18.123336402761502,20.29281346570351,22.864196936529126,18.69431367548877
2025-12-31,24,23.848834096974432,22.011394025414162,22.011394025414162,20.2136371037968,20.53219928693848,22.74173271008118,23.37252335338319,23.37252335338319,22.74173271008118,21.08890211083055,21.40746429397223
2026-01-01,24,59.12384337834676,52.85083092344143,57.61356557030485,58.09997965832278,59.12384337834676,57.62082596430043,55.18450341416454,58.894596248496015,59.12384337834676,58.09997965832278,59.12384337834676
2026-01-02,24,73.89277050731765,70.84358995558955,72.22590465455804,70.91138036703043,70.91138036703043,73.89277050731765,71.2587659414221,68.16349133604444,73.89277050731765,71.17626594142209,71.17626594142209
2026-01-03,24,18.42427350952478,12.7639843649211,16.745414947770854,14.591291961673946,16.365181513863863,18.42427350952478,12.7639843649211,16.52309508326785,18.228685095641882,16.560769927746747,16.560769927746747
2026-01-04,24,23.715059279482976,13.621499202312581,15.10949413279224,15.552569927060038,20.10119082263141,2.342675430491724,19.97291286144578,21.460907791925425,20.760133772069054,22.427143423275854,20.07802356542732
2026-01-05,24,180.30246853158454,180.30246853158454,180.23728999457873,179.1328392300313,180.23728999457873,180.30246853158454,180.30246853158454,180.23728999457873,180.30246853158454,177.71599881084137,180.23728999457873
2026-01-06,24,87.55731672139095,56.124298636263205,72.50100513568171,56.28582821332745,74.86720535612321,87.55731672139095,56.124298636263205,72.50100513568171,86.94249649241118,56.28582821332745,74.86720535612321
2026-01-07,24,34.02235129125201,6.887043315695625,6.887043315695625,7.69495021745762,6.605987652636529,22.77063821162357,6.887043315695625,6.887043315695625,32.918127663299046,7.69495021745762,8.402068766042746
2026-01-08,24,304.48153142839067,216.10266935831947,276.96458011791424,267.822031550019,268.72448639225854,304.48153142839067,210.62416814007852,269.6022587981988,304.48153142839067,267.822031550019,260.3549608911504
2026-01-09,24,37.27257303357415,18.482209087499953,21.95888184037274,20.100820588098742,24.441591816178175,26.602904421797604,35.27493789729771,34.72377150295244,26.602904421797604,27.277905895362927,35.949875789303924
2026-01-10,24,64.78943671280321,63.751702233093155,48.127069582825584,63.77271715250315,63.751702233093155,64.52536958282558,63.751702233093155,64.16780201333835,64.78943671280321,63.77271715250315,64.16780201333835
2026-01-11,24,17.635002443446652,15.479891293670523,14.148984842614684,2.5192063469614716,16.356706346961463,17.406484842614677,15.657770946562366,16.185097034338515,13.221257910608088,2.5192063469614716,16.356706346961463
2026-01-12,24,55.606355570426146,39.96443424516828,52.223236685129066,37.72818637799456,37.89039018021414,55.606355570426146,39.96443424516828,52.223236685129066,55.606355570426146,37.72818637799456,37.89039018021414
2026-01-13,24,62.78754660441497,50.395046604414986,42.92004660441499,50.726275522915486,50.63689040097286,62.78754660441497,50.395046604414986,42.92004660441499,62.78754660441497,50.726275522915486,50.63689040097286
2026-01-14,24,147.03960123691112,120.64416346750221,142.80220673223465,144.2802560640709,144.9900385575625,143.99329019098886,119.24796668832772,143.35292895148697,146.4888790176588,144.45018966790602,145.54076077681478
2026-01-15,24,69.82533957542654,69.82533957542654,66.4247027824209,68.17828105763263,68.17828105763263,68.1956177750825,69.82533957542654,66.4247027824209,69.11240928633268,69.82533957542654,68.17828105763263
2026-01-16,24,110.27718724703377,107.14919888781243,110.00969452625023,110.06299241853603,110.2710819157193,110.27718724703377,107.14919888781243,110.00969452625023,110.27718724703377,110.06299241853603,110.2710819157193
2026-01-17,24,31.936758992074875,30.460850254215888,31.549292766995382,31.5569961696845,31.0964553931325,31.936758992074875,30.661996169684517,31.549292766995354,23.843544920618214,31.5569961696845,31.608365972686716
2026-01-18,24,28.891827584233074,14.77837762682664,15.433856646068094,20.706356646068073,15.433856646068094,28.836265769092293,14.913790575202473,15.569269594443927,20.755029975817255,20.841769594443935,15.569269594443927
2026-01-19,24,141.1812048266439,111.5718292449919,135.82943210682384,111.63478672515365,112.00388031930575,137.1700344027634,115.58299966887239,138.5513479674755,140.3666348228464,111.63478672515365,106.42550304657844
2026-01-20,24,280.589441816464,252.98188578352165,249.34860871014638,249.6325859828737,249.6325859828737,279.9177565913681,252.8964771487008,249.16264361848675,279.9177565913681,189.67174322320918,249.6325859828737
2026-01-21,24,89.66031322277827,72.3983209834287,68.96251899455751,69.10781250727672,85.27680249908775,89.66031322277827,75.03896901205297,68.96251899455751,89.66031322277827,88.43767316806509,86.50897056443677
2026-01-22,24,56.52547390280161,53.19624352664519,52.82614278395751,44.41240571158214,53.14196992276548,56.266119705593695,53.21742893908092,52.82614278395751,56.266119705593695,44.41240571158214,53.14196992276548
2026-01-23,24,57.66882414688415,50.257007899157045,48.21473880850874,48.21473880850874,49.35619633835422,57.66882414688415,50.257007899157045,48.21473880850874,57.66882414688415,48.21473880850874,49.35619633835422
2026-01-24,24,36.720064633560014,35.50124534207805,25.13101592141686,34.828767920958256,35.581109676029484,36.3486096760295,35.87270029960857,36.46088062750343,35.86258160623879,34.828767920958256,35.95256463356003
2026-01-25,24,16.562357338604883,11.595791629263527,6.2808933787999415,9.051931818181828,11.991656468035398,13.423892882885834,13.619617790430723,13.346156963949497,12.889156468035392,15.084857338604891,14.550219044053037
2026-01-26,24,94.85960042130998,93.75626125109923,85.7816805907417,90.28607846065876,93.42623159252545,94.85960042130998,92.24867043350486,85.7816805907417,94.85960042130998,90.28607846065876,91.37799524207259
2026-01-27,24,72.52238358635702,59.243495757531804,68.48334711679269,58.56514455631222,67.06173628590187,72.52238358635702,58.45871378069512,68.48334711679269,72.52238358635702,58.56514455631222,67.06173628590187
2026-01-28,24,78.05884833084366,76.56775156804568,76.55141568155565,50.224808664237855,76.56775156804568,78.05371204685892,74.85143061251767,76.56775156804568,78.05371204685892,48.9134098228499,75.25635272665772
2026-01-29,24,77.5616725516034,57.56710013694497,65.08673581102143,72.5403877944931,66.12600356173438,77.5616725516034,57.56710013694497,65.08673581102143,77.5616725516034,70.9288188882321,67.71259464861747
2026-01-30,24,52.15967339312536,50.409021145747204,50.64349887001373,50.725223556608114,50.64349887001373,50.85312939550383,50.409021145747204,50.64349887001373,52.15967339312536,50.725223556608114,50.64349887001373
2026-01-31,24,25.012466881122947,23.9157045959993,20.57520459599931,24.5416192574705,24.5416192574705,21.047537300241743,23.818547323622003,24.540134176880514,25.012466881122947,24.5416192574705,24.5416192574705
2026-02-01,24,24.260378298660996,12.856771615967137,11.900667438722639,16.050889039453114,13.245173809185687,19.54812637934985,12.856771615967137,11.900667438722639,19.157578824361643,16.050889039453114,12.66856651877264
2026-02-02,24,46.190977423866656,25.857285471531327,29.416087055974486,44.32570709006049,44.32570709006049,46.190977423866656,25.857285471531327,30.65248207917421,45.20437466645669,45.56210211326024,45.56210211326024
2026-02-03,24,34.19537071978357,30.060810617075873,30.16541280469616,30.976445088388516,30.16541280469616,23.858783188900723,30.060810617075873,30.572654904266756,27.014548733493967,31.965527476283288,31.302316814341086
2026-02-04,24,33.4033835796468,24.3621656012522,28.325588681975916,28.766721550241417,28.901368857068665,33.4033835796468,24.3621656012522,28.325588681975916,33.4033835796468,30.100874833282347,30.160588681975923
2026-02-05,24,41.20883786027102,40.227764158665565,38.59137222514681,37.45635483181687,38.39502123212995,41.20883786027102,40.227764158665565,38.59137222514681,40.26160858940713,38.59137222514681,38.39502123212995
2026-02-06,24,38.50163596528763,20.390196394720352,28.883522652675552,33.0667044610622,32.22456984467205,38.50163596528763,20.390196394720352,32.22456984467205,38.50163596528763,29.725657269065735,28.883522652675552
2026-02-07,24,25.60162371156102,24.86429935615698,24.798073696324394,25.266292514337636,25.266292514337636,24.468241910620236,24.86429935615698,25.59106313847653,25.266292514337636,25.60162371156102,25.60162371156102
2026-02-08,24,16.387826104570948,12.212385573481857,11.072898863411492,12.065857621934573,11.747898863411503,13.102385573481858,15.390675889912462,14.0896958210126,13.102385573481858,14.758187867849259,14.913956320845458
2026-02-09,24,152.13406013315307,149.2920237265083,106.03406013315306,150.84255018687975,106.31542584446744,152.13406013315307,149.63609846544273,106.03406013315306,152.13406013315307,150.84255018687975,106.31542584446744
2026-02-10,24,26.934698836716876,26.899870609697018,26.899870609697018,26.591021987561902,26.71638065235402,26.934698836716876,26.899870609697018,26.899870609697018,26.934698836716905,26.591021987561902,26.71638065235402
2026-02-11,24,30.48713548727685,24.65154380457176,30.436972765125493,30.333026078270226,30.48713548727685,30.48713548727685,26.473587778120052,30.436972765125493,30.48713548727685,30.333026078270226,30.48713548727685
2026-02-12,24,28.41678326408695,25.794528841710704,28.083513310726207,27.04997800285543,24.178002010961027,28.41678326408695,25.794528841710704,28.083513310726207,28.41678326408695,27.04997800285543,24.178002010961027
2026-02-13,24,38.27424182703653,37.39732241832901,37.677223807575174,37.04785812573017,37.54595384483751,34.899738582524684,37.39732241832901,37.88452754644298,37.91196796773137,37.42681737972815,37.54595384483751
2026-02-14,24,24.59012919603319,23.50202336880463,20.365790048954544,23.424523368804614,24.140882417019075,20.365790048954544,24.14599769460685,22.994724265444802,24.59012919603319,23.424523368804614,22.893745385682536
2026-02-15,24,39.62884066969685,37.84516526973068,23.724101461072063,33.17585638082645,37.92387454100102,39.62884066969685,37.84516526973068,37.84516526973068,39.62884066969685,33.17585638082645,37.92387454100102
2026-02-16,24,56.5781989422091,56.51467049474772,56.361426295860326,56.361426295860326,56.42495474332168,56.57586395116354,56.51467049474772,55.460119752276114,55.32459384965776,56.361426295860326,56.42495474332168
2026-02-17,24,37.058386619825214,20.33558582773607,6.196452098075856,9.084099098322824,9.081623964006155,32.00445540655647,24.05339972548255,9.084099098322824,33.769228771920574,9.084099098322824,9.081623964006155
2026-02-18,24,128.96520545388032,91.02506728202675,90.56002669787262,92.12397591919006,93.24380484594852,128.96520545388032,93.0308776461417,92.8373424406224,128.96520545388032,92.12397591919006,93.24380484594852
2026-02-19,24,18.24286862611733,-0.33798517315668164,0.07618730250058547,0.06378388104363353,0.07618730250058547,16.965889559147655,1.5741759583048243,0.07618730250058547,16.646300216178304,0.06378388104363353,0.07618730250058547
2026-02-20,24,56.10359678452872,54.31694540382637,43.89027851982757,54.223465035303946,55.27255918531279,49.13140856588816,54.31694540382637,53.56776561460998,56.10359678452872,54.223465035303946,50.84322158609689
2026-02-21,24,67.9969034078656,63.86685906746325,50.846418368858295,64.09830291318548,64.09830291318548,67.4299697791555,64.70484879974597,63.86685906746325,67.77449527532056,64.70484879974597,64.70484879974597
2026-02-22,24,34.62150729957387,22.368407374352266,16.84724373798862,15.233244952053553,15.233244952053553,32.220052754119315,22.368407374352266,23.657498283443168,31.68779987066111,15.233244952053553,15.233244952053553
2026-02-23,24,167.4382355351689,135.04797474750956,164.035338901417,162.83638383841867,161.00907547498502,167.4382355351689,135.04797474750956,164.035338901417,167.4382355351689,162.83638383841867,161.00907547498502
2026-02-24,24,140.08106423844265,106.35539466526242,109.19301175370268,139.4766713695525,107.69394750245647,140.08106423844265,106.35539466526242,109.19301175370268,138.50518912134262,139.4766713695525,107.69394750245647
2026-02-25,24,86.0104371211842,79.19688843130167,63.726216977513616,83.88874888972963,83.88874888972963,85.66379424025739,79.19688843130167,63.726216977513616,86.0104371211842,84.00584209257097,84.00584209257097
2026-02-26,24,153.435824751961,149.7693067247088,149.7693067247088,153.20472715267465,152.05527477600987,153.20472715267465,153.3397832774517,152.68421754086143,153.20472715267465,153.20472715267465,152.24732254500123
2026-02-27,24,177.01029167410888,173.95366575647694,175.16196431787463,175.965307277111,176.85866575647694,176.35857463250443,173.95366575647694,175.965307277111,176.35857463250443,175.965307277111,176.85866575647694
2026-02-28,24,147.76719492158017,144.2655046214808,141.1065096072397,144.2655046214808,147.76455477830908,147.76719492158017,144.2655046214808,141.1065096072397,147.76719492158017,144.2655046214808,147.76455477830908
2026-03-01,24,150.1135923447999,146.9117835351638,146.07760880000805,146.07760880000805,148.20581751508004,149.21845765835118,146.9117835351638,146.07760880000805,149.21845765835118,146.07760880000805,146.9117835351638
2026-03-02,24,219.90519955916577,219.28916172899847,217.9101704108852,217.9101704108852,217.9101704108852,219.41965889448156,204.5069131901299,218.52341457464223,219.41965889448156,218.52341457464223,216.67271998686672
2026-03-03,24,251.61254111966747,250.64993817687656,251.56352126963765,250.64993817687656,251.56352126963765,251.61254111966747,251.61254111966747,251.53795946180668,251.56352126963765,250.64993817687656,251.53795946180668
2026-03-04,24,456.6832475461899,456.6419110141208,456.6832475461899,454.9532978480887,454.9532978480887,456.6832475461899,454.9532978480887,454.9532978480887,456.6832475461899,454.9532978480887,454.9532978480887
2026-03-05,24,323.5110584885824,320.94586311152045,321.41478473131156,321.2545397069929,321.41478473131156,323.5110584885824,320.94586311152045,321.41478473131156,323.5110584885824,321.2545397069929,321.41478473131156
2026-03-06,24,260.2815875356619,260.14966243331395,260.2815875356619,258.5722532247854,259.1959106766211,260.2815875356619,260.14966243331395,260.2815875356619,260.2815875356619,258.5722532247854,259.1959106766211
2026-03-07,24,263.18698467993005,255.86758699377293,261.5547161025588,255.86758699377293,263.18698467993005,263.18698467993005,255.86758699377293,261.5547161025588,263.18698467993005,255.86758699377293,263.18698467993005
2026-03-08,24,253.81383398634398,245.16129805461463,245.16129805461463,252.20587725683163,252.20587725683163,252.8855245341582,246.0896075068004,246.0896075068004,253.81383398634398,252.20587725683163,252.20587725683163
2026-03-09,24,253.106881365907,241.16763990062123,252.76134313783723,253.106881365907,253.106881365907,252.8570328120736,241.16763990062123,253.106881365907,252.8570328120736,253.106881365907,253.106881365907
2026-03-10,24,179.05725013790706,163.64388344905655,163.64388344905655,163.64388344905655,163.64388344905655,179.05725013790706,163.64388344905655,163.64388344905655,166.76648650154345,163.64388344905655,163.64388344905655
2026-03-11,24,186.08539879112195,182.72471589920846,176.40849239192855,179.30482412361954,176.40849239192855,186.08539879112195,182.72471589920846,176.40849239192855,186.08539879112195,179.30482412361954,176.40849239192855
2026-03-12,24,231.42139473866388,231.26164927073276,231.26164927073276,231.0967306318084,231.26164927073276,231.42139473866388,231.26164927073276,231.26164927073276,231.42139473866388,231.0967306318084,231.26164927073276
2026-03-13,24,176.955351485452,153.68917779296902,169.419177792969,171.84594506204593,172.1687025769406,175.46074561581463,153.81160428794794,169.419177792969,176.15790118067042,170.76306160594103,171.20824561581463
2026-03-14,24,46.71311379856007,39.878337188638795,42.3193593706483,36.94594027872762,42.41529094284431,45.68453940187314,42.79157013097159,43.50607739091137,45.86315169452271,37.28854605035343,43.50607739091137
2026-03-15,24,176.46337282487644,145.1060393778278,148.03135361257904,175.00502368549039,176.46337282487644,173.4216654491089,147.39004052239193,151.36326722360053,176.46337282487644,175.00502368549039,176.46337282487644
2026-03-16,24,220.1407622827532,200.76338978715688,200.76338978715688,202.66025464275148,205.71040205105172,196.70409544861946,202.66025464275148,202.66025464275148,219.45943773017916,202.66025464275148,205.71040205105172
2026-03-17,24,136.31534477259515,134.15362240816432,134.04930840895884,134.04930840895884,134.04930840895884,135.16749022714066,135.16749022714066,134.04930840895884,135.16749022714066,134.04930840895884,136.31534477259515
2026-03-18,24,282.76367545001233,282.76367545001233,282.76367545001233,282.76367545001233,280.08779325903305,282.76367545001233,282.76367545001233,282.76367545001233,282.76367545001233,282.76367545001233,280.08779325903305
2026-03-19,24,335.3752220987464,328.80864003499363,328.80864003499363,328.80864003499363,330.57692677644707,335.3752220987464,328.80864003499363,328.80864003499363,335.3752220987464,328.80864003499363,330.57692677644707
2026-03-20,24,228.40767106822878,222.11616740029112,227.13256705542224,225.95407310277514,220.57667711558167,228.35676556873617,222.11616740029112,227.10267106822883,228.40767106822878,225.95407310277514,220.57667711558167
2026-03-21,24,226.28024253297988,223.7145851123565,221.46683313490493,224.03249055552837,224.03249055552837,226.28024253297988,223.7145851123565,221.46683313490493,226.28024253297988,224.03249055552837,224.03249055552837
2026-03-22,24,262.7450183254977,261.5724143855419,260.8149122403304,261.5724143855419,260.8149122403304,262.7450183254977,261.5724143855419,260.8149122403304,262.7450183254977,261.5724143855419,260.8149122403304
2026-03-23,24,305.6379697556016,281.8622522690566,285.5160861459591,281.8622522690566,258.6065541986336,305.6379697556016,281.8622522690566,285.5160861459591,305.6379697556016,281.8622522690566,258.6065541986336
2026-03-24,24,255.65256145875463,252.4229928073928,253.63568268203062,253.63568268203062,253.63568268203062,255.65256145875463,252.4229928073928,253.63568268203062,255.65256145875463,253.63568268203062,253.63568268203062
2026-03-25,24,165.4590705163495,165.25301228476803,165.2351822668591,165.05656337385136,165.05656337385136,165.3270328379142,165.38751256511384,165.36968254720492,149.1055039269466,165.36968254720492,165.36968254720492
2026-03-26,24,265.49732963809083,263.08213957068574,265.49732963809083,261.82359520230244,263.7793341132637,265.49732963809083,263.08213957068574,265.49732963809083,265.49732963809083,261.82359520230244,265.2676040598689
2026-03-27,24,176.3932884295169,167.37334553648375,163.67447340743823,167.20635647458528,172.41037276010937,175.86761438969708,166.92898661174848,163.67447340743823,176.3932884295169,167.20635647458528,172.41037276010937
2026-03-28,24,200.1466275991628,199.71560190477155,185.3303940367954,199.53766337330055,199.53766337330055,200.0268888582691,199.71560190477155,185.3303940367954,200.0268888582691,199.53766337330055,199.53766337330055
2026-03-29,23,199.7567506037139,194.44181423673112,199.7567506037139,199.7567506037139,199.7567506037139,199.7567506037139,194.44181423673112,199.7567506037139,199.7567506037139,199.7567506037139,199.7567506037139
2026-03-30,24,201.12001986212215,194.5612002503919,198.58915679124664,194.16691963888152,190.7028488432877,201.12001986212215,194.5612002503919,198.58915679124664,201.12001986212215,194.16691963888152,190.7028488432877
2026-03-31,24,187.133247813272,179.39860552616278,176.19050784560395,174.9482348515872,174.1288859687665,187.133247813272,179.39860552616278,176.19050784560395,187.133247813272,174.9482348515872,174.1288859687665
2026-04-01,24,186.11965004914342,185.53671699690184,186.11965004914342,184.82555274517804,179.1098236960873,186.11965004914342,184.53408621905726,184.82555274517804,186.11965004914342,184.82555274517804,179.1098236960873
2026-04-02,24,183.27201787035764,182.32637873672738,176.26480280752244,182.24093348643868,182.67519574334088,182.36582258332805,181.89300301651295,176.69906506442467,182.36582258332805,182.24093348643868,182.67519574334088
2026-04-03,24,198.26404572543058,192.2792351181499,192.2792351181499,198.26404572543058,198.26404572543058,198.26404572543058,192.2792351181499,192.2792351181499,198.26404572543058,198.26404572543058,198.26404572543058
2026-04-04,24,204.54194505617923,202.226208825636,202.226208825636,202.16348155290873,202.16348155290873,202.84873537175233,204.05481165736424,204.05481165736424,202.84873537175233,204.00726520844594,204.00726520844594
2026-04-05,24,228.71710583720147,228.00048164524182,228.6297116134007,216.6727000907365,228.6297116134007,228.71710583720147,228.00048164524182,228.6297116134007,227.6331458722614,216.78003435400683,228.6297116134007
2026-04-06,24,353.4426785789438,349.8004416836391,349.8004416836391,349.8004416836391,349.8004416836391,352.3192818034086,350.97971841452625,350.97971841452625,352.3192818034086,350.97971841452625,350.97971841452625
2026-04-07,24,359.9189099414906,311.9452003096268,359.7363594617996,354.40284376754846,354.40284376754846,359.8941080222492,311.9452003096268,359.7363594617996,359.3870301448563,354.6161613810411,354.54685672727425
2026-04-08,24,369.00899719277714,369.00899719277714,369.00899719277714,368.82060814662424,368.82060814662424,369.00899719277714,369.00899719277714,369.00899719277714,369.00899719277714,368.82060814662424,368.82060814662424
2026-04-09,24,267.34277543605504,267.1260312879041,267.09005933583506,267.09005933583506,267.09005933583506,267.1260312879041,267.1260312879041,265.56392864385737,267.1260312879041,267.30680348398596,267.09005933583506
2026-04-10,24,202.4652669066672,126.81687487949071,150.94171405939557,134.35847482561692,141.12446339198476,154.4603801824931,190.18020855453815,201.49375127195785,158.98438393623155,199.60135517013927,192.3284135971234
2026-04-11,24,340.76200258668,337.4216689418862,337.4216689418862,337.42202074215913,338.15760887871147,339.54529430675325,337.4216689418862,336.596127385428,339.54529430675325,337.42202074215913,338.15760887871147
2026-04-12,24,203.70671747453963,194.4918869820535,180.87811283924782,196.73080268325896,198.64214710538698,202.9682887016639,194.4918869820535,180.87811283924782,202.75329651887225,196.05395303015652,197.96529745228457
2026-04-13,24,90.18045272080856,59.90121546971724,62.87868582178227,60.56333357185244,62.18141078316259,90.18045272080856,59.90121546971724,62.16854008471587,90.18045272080856,60.56333357185244,62.18141078316259
2026-04-14,24,159.19828785228492,123.65960934315893,131.73181015844287,122.20681015844289,131.61888227083304,130.33929095175063,158.01877189721222,159.01594273482095,130.33929095175063,157.8364267797482,159.01594273482095
2026-04-15,24,187.62241903808174,187.62241903808174,186.94699916866713,186.94699916866713,179.8625630802733,187.62241903808174,187.62241903808174,186.94699916866713,187.62241903808174,186.94699916866713,179.8625630802733
2026-04-16,24,188.72971729384375,183.05304414350064,188.72971729384375,188.64317442670347,188.72971729384375,188.72971729384375,183.05304414350064,188.72971729384375,188.72971729384375,188.64317442670347,188.72971729384375
2026-04-17,24,209.17289518371592,208.89850586176627,209.17289518371592,208.89850586176627,207.8521348520543,209.17289518371592,208.28830125236735,208.562690574317,209.17289518371592,208.89850586176627,207.8521348520543
2026-04-18,24,233.6803815653601,226.88798499277084,233.23733837364563,226.88798499277084,224.03879850714378,233.6803815653601,225.61695875070416,231.9677052606596,232.50978726520884,228.60066129747133,224.03879850714378
2026-04-19,24,212.38103042304093,212.38103042304093,212.38103042304093,212.38103042304093,212.38103042304093,212.38103042304093,212.38103042304093,212.38103042304093,212.38103042304093,212.38103042304093,212.38103042304093
2026-04-20,24,167.5965035593919,164.05758486860512,167.5926337563897,167.5926337563897,167.5926337563897,167.5965035593919,162.8345160397439,167.5926337563897,167.5965035593919,167.5926337563897,167.5926337563897
2026-04-21,24,251.10349287778592,247.6290796140733,250.7750210221006,250.7750210221006,250.7750210221006,250.95804457294662,246.96078574360854,250.12572436637384,251.10349287778592,250.7750210221006,250.62957271726123
2026-04-22,24,300.1850093534874,300.1339631338856,295.40133363222367,295.40133363222367,300.1339631338856,300.1339631338856,300.1339631338856,295.14000935348736,300.1339631338856,295.13367694857465,300.17867694857466
2026-04-23,24,324.86485143587976,324.4396977163654,324.8396977163654,324.05729761282527,323.14909706424,324.86485143587976,324.4396977163654,324.8396977163654,324.86485143587976,324.05729761282527,324.0321438933109
2026-04-24,24,299.2265436947291,297.9530045843216,297.9530045843216,299.14492603140985,299.14492603140985,299.2265436947291,297.9530045843216,297.9530045843216,299.2265436947291,299.14492603140985,299.14492603140985
2026-04-25,24,531.3535739500451,524.5797176533634,524.5797176533634,530.480377528616,530.480377528616,529.4373741514504,524.5797176533634,524.1740497226448,530.480377528616,529.3957350711466,531.3535739500451
2026-04-26,24,1083.6934492325415,1078.4888472829975,1077.9041552293913,1079.5142887905388,1079.0966877945623,1082.668007725,1078.4888472829975,1077.9041552293913,1083.6934492325415,1077.5299100990505,1078.4888472829975
2026-04-27,24,318.89591750105296,307.7538348635924,292.915704607391,307.7538348635924,316.69816490802856,318.89591750105296,307.7538348635924,290.95134335143246,318.89591750105296,307.7538348635924,318.6544347577098
2026-04-28,24,269.5557380610697,268.32161589812085,268.4706807097658,268.1298107426186,268.2972465645159,268.7555894483115,269.121764510879,269.121764510879,268.97201697621676,268.9272223492534,268.2972465645159
2026-04-29,24,371.7660573474031,371.19451558799886,358.722261183526,358.81605734740305,358.8785300398696,371.19451558799886,371.7660573474031,358.722261183526,371.19451558799886,358.81605734740305,358.73215298230974
2026-04-30,24,346.18806616220513,335.0609568826629,346.0797116781433,346.0797116781433,346.18806616220513,346.18806616220513,335.0609568826629,346.0797116781433,346.18806616220513,346.0797116781433,346.18806616220513
2026-05-01,24,1265.8352241538694,1262.5894564480716,1262.5894564480716,1262.5894564480716,1256.705329877373,1265.8352241538694,1262.5894564480716,1262.5894564480716,1265.8352241538694,1262.5894564480716,1256.705329877373
2026-05-02,24,506.2971866498103,506.2971866498103,505.6359147127931,494.2567327571993,505.6359147127931,506.2971866498103,506.2971866498103,505.6359147127931,506.2971866498103,494.2567327571993,505.6359147127931
2026-05-03,24,253.29092682087762,249.3200660289795,252.87232671212615,252.87232671212615,252.87232671212615,252.23330262436895,249.73866613773097,253.29092682087762,252.87232671212615,252.23330262436895,253.29092682087762
2026-05-04,24,248.0273110378526,226.2259695729921,225.49495797279212,229.4258686824068,229.4258686824068,225.7911738025974,247.41535183019545,247.7282488088162,229.4258686824068,248.0273110378526,247.7282488088162
2026-05-05,24,79.74340415496292,76.5965937128278,77.70038034300251,78.36975072230244,77.70038034300251,67.27653007646417,77.2081092203595,78.36975072230244,79.74340415496292,78.36975072230244,77.70038034300251
2026-05-06,24,68.63005187590183,68.5073580127155,68.63005187590183,68.48308379388347,68.63005187590183,68.18622065157595,68.5073580127155,68.63005187590183,68.5073580127155,68.48308379388347,68.63005187590183
2026-05-07,24,133.25253606144125,131.98958744875975,131.98958744875975,132.70082206053814,132.78754082781487,133.25253606144125,131.98958744875975,132.70082206053814,133.25253606144125,132.70082206053814,132.78754082781487
2026-05-08,24,131.71495152972577,130.45298507474416,128.28745152972576,128.13173769292243,128.13173769292243,131.71495152972577,130.45298507474416,128.28745152972576,131.28647990531593,128.13173769292243,128.13173769292243
2026-05-09,24,239.04439037890032,236.4346208362282,237.9057050378513,238.53921837318057,238.53921837318057,237.90603505576013,237.8811672704641,239.04406036099144,238.58294803291164,239.00066071916925,239.00066071916925
2026-05-10,24,226.9401311369146,226.9401311369146,226.9401311369146,226.52349457542152,226.52349457542152,226.9401311369146,226.9401311369146,226.9401311369146,226.9401311369146,226.52349457542152,226.52349457542152
2026-05-11,24,48.01164046863316,26.805531804820546,45.578226579936015,44.20048915652531,45.62716322122013,45.578226579936015,27.987137453514478,47.819272312129186,47.97927231212921,43.21636255149819,45.58927231212921
2026-05-12,24,177.789654316145,162.56779055297318,177.69690569219028,177.69690569219028,177.69690569219028,177.78895775160458,162.6052009939963,177.789654316145,177.69690569219028,177.7343161332134,177.7343161332134
2026-05-13,24,124.62936884695614,124.62936884695614,124.41283577896903,122.7594661140343,123.4042384684956,124.62936884695614,124.62936884695614,124.41283577896903,123.83730460446986,123.55153035652057,124.41283577896903
2026-05-14,24,232.1999375441882,228.87143342745804,230.28114651848176,221.38099252062594,231.96331470351387,230.5464059013724,230.55360161249018,231.96331470351387,232.1999375441882,221.38099252062594,231.96331470351387
2026-05-15,24,167.41886937062458,165.6623086685707,165.22668502883553,164.2145098253631,164.23810858767112,167.41886937062458,165.6623086685707,165.22668502883553,165.87524013307146,165.6623086685707,165.6623086685707
2026-05-16,24,239.45596871859672,239.42989730379438,239.42989730379438,239.42989730379438,239.42989730379438,239.45596871859672,239.42989730379438,239.42989730379438,239.45596871859672,239.42989730379438,239.42989730379438
2026-05-17,24,247.38171635835724,243.04275110582918,246.2494599775691,244.2972780470593,244.16056917531944,247.38171635835724,243.04275110582918,246.2494599775691,245.42953442784744,246.2494599775691,246.11275110582918
2026-05-18,24,170.73290909415087,168.95642325594673,168.95642325594673,167.77513904577984,169.10542252581854,170.73290909415087,170.73290909415087,169.40262561411214,170.73290909415087,167.77513904577984,169.10542252581854
2026-05-19,24,149.8941287930378,143.56068284878654,144.10895653813924,144.10895653813924,144.10895653813924,149.8941287930378,143.56068284878654,144.10895653813924,149.8941287930378,144.10895653813924,144.10895653813924
2026-05-20,24,182.8764377401765,181.95978034900853,182.84215832158242,182.26711306743834,182.26711306743834,182.859797587267,182.26711306743834,182.84215832158242,182.8764377401765,182.26711306743834,182.27043406201477
2026-05-21,24,292.70126926247957,292.23819456322457,292.23819456322457,289.65685405296693,291.9484575330279,292.23819456322457,292.70126926247957,292.70126926247957,292.70126926247957,289.65685405296693,291.9484575330279
2026-05-22,24,325.8942132567408,325.8942132567408,325.0305603844791,325.0305603844791,325.0305603844791,325.8942132567408,325.8942132567408,325.0305603844791,325.8942132567408,325.0305603844791,325.0305603844791
2026-05-23,24,325.1270613214714,324.921940654338,324.921940654338,324.921940654338,321.6808633643,324.921940654338,324.921940654338,324.921940654338,324.921940654338,324.921940654338,321.6808633643
2026-05-24,24,402.53229502803094,400.45913126218903,401.5427230763175,402.532295028031,402.532295028031,401.5427230763175,400.45913126218903,402.53229502803094,401.5427230763175,402.53229502803094,402.53229502803094
2026-05-25,24,324.8595684927068,311.2416715952505,321.986337039542,323.4500588656256,321.986337039542,324.85921669243385,311.24202339552346,321.8668797388666,324.85921669243385,323.33095336522314,321.986337039542
2026-05-26,24,329.7195311565469,328.84055964921623,326.9555504628193,328.84055964921623,328.84055964921623,327.8933148317617,328.84055964921623,328.84055964921623,329.7195311565469,328.84055964921623,328.84055964921623
2026-05-27,24,259.0197904475576,257.0469600911798,257.76054130400934,257.1055496076398,256.78474585098377,258.456389346469,257.61036119226844,256.78474585098377,258.456389346469,257.6689507087284,256.78474585098377
2026-05-28,24,542.2249272611263,513.5077210756851,513.5077210756851,513.33677179888,513.5077210756851,513.5077210756851,542.2249272611263,542.2249272611263,513.5077210756851,542.2158363520354,542.2249272611263
2026-05-29,24,348.2379340053767,348.2379340053767,348.1901943993723,348.1901943993723,348.1901943993723,348.2379340053767,348.2379340053767,348.2379340053767,348.2379340053767,348.1901943993723,348.1901943993723
2026-05-30,24,271.7645049246588,259.7545100280372,270.97686632960597,261.1397933399674,270.97686632960597,270.97686632960597,260.54214862309004,271.72113498701225,271.7645049246588,261.1397933399674,271.72113498701225
2026-05-31,24,255.59906958071653,255.59906958071653,252.52919246591208,255.59906958071653,253.02652439762096,255.59906958071653,255.59906958071653,252.52919246591208,255.59906958071653,255.59906958071653,255.59840954489877
2026-06-01,24,365.90583929305194,297.4653318731815,280.222601384209,293.6848567707639,297.4653318731815,289.84625264227236,363.95437957278693,363.95437957278693,297.4653318731815,363.4553297776223,363.95437957278693
2026-06-02,24,97.73233567670826,84.76129907317588,85.46736732083474,94.53927453102452,78.4104018037518,95.343349234968,84.76129907317588,85.72797586312723,95.343349234968,94.99162722838028,96.08206865293744
2026-06-03,24,167.08152549792885,167.08152549792885,158.73106828053034,158.73106828053034,166.77519189227414,167.08152549792885,167.08152549792885,158.38688800151402,167.08152549792885,158.73106828053034,166.4310116132578
2026-06-04,24,173.74498617187282,171.98021292158353,171.98021292158353,171.98021292158353,169.55057755799498,173.3802818649339,172.85022906854516,172.85022906854516,172.80103567955263,172.85022906854516,170.42059370495662
2026-06-05,24,205.78737312726668,201.34791226017185,204.27470114879583,194.06123583447416,204.33873583447416,205.78737312726668,201.34791226017185,204.27470114879583,205.78737312726668,195.19643199116342,204.8375815854805
2026-06-06,24,263.7894931226179,262.32741793923793,263.74392349870453,263.74392349870453,263.74392349870453,263.7894931226179,262.32741793923793,263.74392349870453,263.7894931226179,263.74392349870453,263.74392349870453
2026-06-07,24,303.4812643415086,299.6820275760516,299.2198213906452,303.4812643415086,299.2198213906452,303.4812643415086,299.6820275760516,299.2198213906452,303.4812643415086,303.4812643415086,299.2198213906452
2026-06-08,24,207.50336967033778,206.66300325037844,207.50336967033778,202.81295391051432,204.9432799271513,207.50336967033778,206.66300325037844,207.50336967033778,207.50336967033778,202.81295391051432,204.9432799271513
2026-06-09,24,252.0024461856112,240.89987925449418,249.9652768730259,249.09361434334915,250.01751921355572,251.48103596509924,242.5961616664762,250.25561060226786,251.48103596509924,249.61502456386106,250.19943513468672
2026-06-10,24,163.76621994930318,155.19691132567894,155.19691132567894,163.13687579704944,163.13687579704944,163.76621994930318,155.19691132567894,155.19691132567894,163.76621994930318,163.13687579704944,163.13687579704944
2026-06-11,24,197.13101369980598,181.05414928874762,186.01472834902447,190.35524374047748,186.01472834902447,197.13101369980598,179.01285634910516,183.97343540938203,197.13101369980598,188.92785634910518,186.01472834902447
2026-06-12,24,85.24951413425418,72.89707183382207,75.32280507571467,75.16746545851373,75.02744894988841,85.24951413425418,74.31472842964517,75.32280507571467,85.24951413425418,75.16746545851373,75.02744894988841
2026-06-13,24,254.0992660172113,238.13883740402227,241.66309865306138,241.66309865306138,241.66309865306138,254.0992660172113,238.13883740402227,241.19779354007602,254.0992660172113,241.66309865306138,241.66309865306138
2026-06-14,24,201.21926819822943,201.21926819822943,198.24856271550019,198.24856271550019,198.24856271550019,201.21926819822943,201.21926819822943,198.24856271550019,201.21926819822943,198.24856271550019,198.24856271550019
2026-06-15,24,233.24465912417787,231.53045128281963,233.24465912417787,231.64991776583793,231.64991776583793,233.24465912417787,231.53045128281963,233.24465912417787,233.24465912417787,231.64991776583793,231.64991776583793
2026-06-16,24,162.66566432049598,162.0292716987803,162.0292716987803,152.32798798584514,159.19241145034675,162.0292716987803,162.66566432049598,162.66566432049598,162.66566432049598,152.32798798584514,159.19241145034675
2026-06-17,24,129.09245957370592,127.07899625630424,127.07899625630424,124.9664359916475,126.58462942878663,127.98424649795021,128.18720933205992,128.18720933205992,127.98424649795021,126.07464906740321,127.69284250454231
2026-06-18,24,615.3734721819884,498.0735530770273,504.5041130837453,495.45321088043863,504.5369459940641,504.5369459940641,614.5202580160618,615.3691380026258,504.5369459940641,608.7848703016247,615.3734721819884
2026-06-19,24,282.63430097643464,282.63430097643464,281.50157032487533,281.50157032487533,281.50157032487533,282.63430097643464,282.63430097643464,281.50157032487533,282.63430097643464,281.50157032487533,281.50157032487533
2026-06-20,24,275.1505737149212,245.24245391352946,275.1505737149212,275.1159218344878,274.85094542246856,275.1505737149212,245.24245391352946,275.1505737149212,274.85094542246856,274.883733750739,275.1505737149212
2026-06-21,24,251.59329972970718,250.84817682323052,250.84817682323052,250.84817682323052,250.0889707262357,250.85034680532164,251.59112974761607,251.59112974761607,250.85034680532164,251.59112974761607,251.59112974761607
2026-06-22,24,304.9514541762893,277.62125900471796,278.0657947233888,302.9659205629239,277.62125900471796,301.37382833675423,277.62125900471796,282.96364255515687,304.9514541762893,302.9659205629239,277.62125900471796
2026-06-23,24,713.3610331472829,547.8149220527753,547.37441568828,547.37441568828,547.37441568828,547.8149220527753,707.9667542457377,713.2561208741262,547.8149220527753,713.2561208741262,713.2561208741262
2026-06-24,24,866.0044484386084,656.2223311649201,656.2223311649201,662.1299098144176,661.53422701292,663.0022426150438,865.0168484281995,865.0168484281995,663.0022426150438,865.7966911292045,865.7180567321997
2026-06-25,24,343.1898845033511,323.04557439175795,321.54703435606706,343.1898845033511,343.1898845033511,323.04557439175795,343.1898845033511,335.46242453904193,343.1898845033511,343.1898845033511,343.1898845033511
2026-06-26,24,394.7268158897409,370.69969055267694,378.9369425705295,377.6892919784164,378.9369425705295,378.9369425705295,392.1386340715592,394.7268158897409,378.9369425705295,394.48486648185394,394.7268158897409
2026-06-27,24,317.0406762235358,314.551706765033,314.551706765033,314.551706765033,308.0390644825181,317.0406762235358,314.551706765033,314.551706765033,317.0406762235358,314.551706765033,308.0390644825181
2026-06-28,24,261.25354483138034,251.81500775268518,259.18634657082526,259.19068653500744,259.19068653500744,259.44562915679285,253.87786604905799,261.24920486719816,259.44562915679285,261.25354483138034,261.25354483138034
2026-06-29,24,266.06650474062707,236.6004779567691,236.6004779567691,220.6225766709305,236.6004779567691,237.5605000537309,262.89741383153614,262.89741383153614,237.5605000537309,259.79891511737463,262.89741383153614
2026-06-30,24,583.7080424446798,443.301323712708,449.10332715220767,449.10332715220767,445.7919344811742,579.9666228112327,532.5125519455072,534.511426122401,452.70515699847346,534.511426122401,533.7227752414296
2026-07-01,24,196.6361543063044,166.69967417502187,194.90164781743408,182.4170559932037,167.066290021852,196.6361543063044,182.05436502167422,193.8243650216742,196.6361543063044,179.5495892944602,193.8243650216742
2026-07-02,24,255.7885710558365,255.7603612886521,245.74607070430625,247.33871979188913,230.05669726032238,253.48705145430932,254.72357070430627,245.74607070430625,253.48705145430932,245.74607070430625,230.05669726032238
2026-07-03,24,216.17036080999998,210.74737939636822,210.29320524401828,204.05581785523597,209.20052766831506,215.21581409345922,210.71579476786474,210.48870769168974,215.8939091195278,205.572471047861,210.48870769168974
2026-07-04,24,240.5387769107916,240.5387769107916,239.68646335356368,240.5387769107916,240.5387769107916,239.68646335356368,240.5387769107916,240.5387769107916,238.6482444601097,240.5387769107916,240.5387769107916
2026-07-05,24,230.00277081020286,229.6512337114431,229.6512337114431,226.85784704324124,226.50630994448144,230.00277081020286,229.6512337114431,229.6512337114431,230.00277081020286,226.85784704324124,226.50630994448144
2026-07-06,24,236.49135297493368,218.8535854252182,232.25973478409415,236.04804587604008,232.25973478409415,235.73555934058624,218.8535854252182,232.25973478409415,236.21281159084026,236.04804587604008,232.25973478409415
2026-07-07,24,213.7418983387704,211.91538924283472,211.92346657710115,211.91538924283472,212.60565381726784,213.35110452359118,212.68294707830887,212.68294707830887,213.35110452359118,212.68294707830887,213.7418983387704
2026-07-08,24,235.6868378694108,234.53967346743653,234.40985916672614,234.40985916672614,234.40985916672614,235.48988600461485,234.53967346743653,235.08426028992898,235.48988600461485,234.40985916672614,235.08426028992898
2026-07-09,24,235.00434220160824,226.11743308486896,232.55359996710044,235.00434220160824,235.00434220160824,235.00434220160824,226.11743308486896,232.55359996710044,235.00434220160824,235.00434220160824,235.00434220160824
2026-07-10,24,214.66971523094008,211.866902464013,211.31154351716359,211.866902464013,211.866902464013,214.66971523094008,211.43625671391652,212.40189921106543,214.13471848388764,212.40189921106543,212.40189921106543
2026-07-11,24,270.8465926116763,266.5082803085169,266.5082803085169,263.8660210346426,268.13898979184177,270.8465926116763,266.5082803085169,266.5082803085169,270.8465926116763,266.5082803085169,270.781249065716
2026-07-12,24,267.83956306200736,267.424461267263,267.424461267263,267.424461267263,267.424461267263,267.83956306200736,267.424461267263,267.424461267263,267.83956306200736,267.424461267263,267.424461267263
2026-07-13,24,225.68755841748856,215.62020988122038,205.54651323952766,224.61408210068177,205.13051645279586,225.28834250377543,216.03620666795214,205.54651323952766,224.61408210068177,225.62370666795215,205.54651323952766
2026-07-14,24,177.26637537140647,177.12394551290888,177.12394551290888,176.84120363355672,170.11983784972975,177.12394551290888,177.26637537140647,177.26637537140647,176.84120363355672,176.84120363355672,170.1013753714065
2026-07-15,24,194.83289300900367,189.48856039688872,193.61915556606874,193.786804663785,189.5619459338215,194.83289300900367,189.48856039688872,193.85274391128746,194.54899722475633,194.02039300900373,189.52774391128747
2026-07-16,24,252.25904762472948,250.7227003042238,250.7227003042238,248.19925662543875,250.7227003042238,252.25904762472948,250.7227003042238,250.7227003042238,252.25904762472948,248.19925662543875,250.7227003042238
2026-07-17,24,87.43199551633555,71.38989680070996,71.66612179045111,66.18127364084357,80.7317579083771,86.6104996630161,74.72382355518238,75.00004854492352,86.6104996630161,67.56593137106603,82.64124535776435
2026-07-18,24,275.9617604618649,274.3360189685878,268.2267524414177,269.773949672379,274.3360189685878,275.9617604618649,274.3360189685878,268.2267524414177,275.9617604618649,269.773949672379,274.3360189685878
2026-07-19,24,262.066360296824,262.066360296824,262.066360296824,262.0346785775705,262.066360296824,262.066360296824,262.066360296824,262.066360296824,260.9909701865324,262.0346785775705,262.066360296824
2026-07-20,24,290.90787898090394,290.90787898090394,290.19688359331116,285.9642216172323,288.4993913354168,290.90787898090394,290.84193753774633,290.84193753774633,290.84193753774633,287.4216597879181,289.9568295061027
2026-07-21,24,289.9378055617951,286.1850229383999,289.20799589560613,282.892713272211,288.3195243063267,289.20799589560613,286.91483260458887,289.9378055617951,288.3195243063267,284.5109945276794,289.9378055617951
2026-07-22,24,275.0442532790321,274.3563689561503,270.1993804718776,270.46344396995767,270.46344396995767,273.9207157833876,274.3563689561503,270.88787471401395,273.9207157833876,272.43638211657026,271.5757590368957
2026-07-23,24,316.7740818744711,308.1727682242826,312.3305591345308,311.8812676179891,312.1709543867089,316.70324337151436,308.34033773028364,312.75740544167974,316.70324337151436,312.04883712399015,313.0166822428276
2026-07-24,24,310.13745257947124,308.70101688507924,302.8550851316296,297.8397098420114,302.67318328250946,308.80761236777636,310.13745257947124,304.2915208260216,308.5191150359591,298.74577848094276,304.2915208260216
2026-07-25,24,320.8034088344063,319.6448761417299,318.236690009254,316.9049711841018,319.6448761417299,319.471690009254,319.6448761417299,319.6448761417299,320.8034088344063,316.9049711841018,319.6448761417299
2026-07-26,24,269.176983092977,268.03139994101235,265.5866602504691,266.280841782923,259.5223891496928,268.32461324770543,268.03139994101235,267.33721840855844,267.4264249348877,268.03139994101235,260.37475899496445
2026-07-27,24,276.43438061814385,276.3024555157959,276.3024555157959,275.1738802402431,276.43438061814385,276.43438061814385,276.3024555157959,276.3024555157959,276.43438061814385,275.1738802402431,276.43438061814385
2026-07-28,24,342.8119239268225,342.8119239268225,342.8119239268225,342.8119239268225,342.8119239268225,342.8119239268225,342.8119239268225,342.8119239268225,342.8119239268225,342.8119239268225,342.8119239268225
2026-07-29,24,393.2720980795558,385.0384385729245,392.05295534174047,385.0384385729245,392.05295534174047,393.2720980795558,385.0384385729245,392.05295534174047,393.2720980795558,385.0384385729245,392.05295534174047
2026-07-30,24,305.11982587980333,295.3648766415517,303.54496172668377,289.14099571502175,304.759779408478,304.759779408478,295.1850081980091,303.90500819800906,304.759779408478,288.96112727147914,305.11982587980333
2026-07-31,24,150.78720707256142,143.38756723478997,140.1055965704558,140.7786941590232,146.9325196359115,150.4089865991366,143.38756723478997,140.88999156699225,149.65296077660906,141.25603787734815,148.06676593186384
2026-08-01,24,309.1289213632883,307.061319971982,309.1289213632883,304.0422338936692,306.09242106866446,309.1289213632883,307.061319971982,309.1289213632883,309.1289213632883,306.81138048998315,308.8615676649784
2026-08-02,24,320.3590292234457,319.939183741728,319.98856242803623,319.939183741728,319.98856242803623,319.98856242803623,320.3590292234457,320.3590292234457,319.98856242803623,320.3590292234457,320.3590292234457
2026-08-03,24,292.4487322484608,279.43056974652785,279.43056974652785,283.22972007252787,283.22972007252787,291.7943696688039,280.2134449658853,279.43056974652785,292.4257948706658,283.22972007252787,282.5982948706659
2026-08-04,24,199.47103965526634,197.9232024545246,196.11414694705283,197.9232024545246,196.93531914412117,199.47103965526634,197.9232024545246,196.93531914412117,199.47103965526634,197.9232024545246,196.93531914412117
2026-08-05,24,320.80487170785733,302.4978127230086,320.1056334853858,304.8383301871606,317.76511602123395,320.3130549263041,302.1893542437054,320.80487170785733,320.3130549263041,304.52987170785735,318.46435424370543
2026-08-06,24,295.3431781103344,293.13851382264716,293.17151561353614,291.56032665156994,279.04645532500837,295.3431781103344,293.13851382264716,293.17151561353614,294.5638420017226,293.17151561353614,279.7013807851019
2026-08-07,24,275.3165657602765,271.7291527563048,275.06134873427817,273.7177975510316,274.8388069176294,275.06134873427817,272.05836041570535,275.3165657602765,274.8388069176294,273.8663487342781,275.06134873427817
2026-08-08,24,324.6351969160427,323.35863541600855,324.07888315077935,324.07888315077935,324.07888315077935,324.2141904934244,323.35863541600855,324.07888315077935,324.2141904934244,324.07888315077935,324.07888315077935
2026-08-09,24,290.70769386667206,288.36145030529036,290.19774807526125,289.03986506076444,289.03986506076444,290.70769386667206,288.36145030529036,290.19774807526125,289.03986506076444,290.70769386667206,290.70769386667206
2026-08-10,24,292.44656935732246,287.4058446640736,281.9517944444164,288.1501485213242,291.07227753969426,292.44656935732246,287.4058446640736,282.5969539289335,292.44656935732246,288.1501485213242,291.07227753969426
2026-08-11,24,317.29186342751234,317.29186342751234,317.29186342751234,316.29045966279,316.29045966279,317.29186342751234,317.0301803124977,317.12757973606057,317.29186342751234,316.29045966279,316.0600797360605
2026-08-12,24,416.17817633410687,415.9872179100892,415.9872179100892,411.6295101453638,415.9872179100892,416.17817633410687,415.9872179100892,415.9872179100892,416.17817633410687,411.6295101453638,415.9872179100892
2026-08-13,24,474.84782181628816,463.3445771653212,474.84782181628816,471.90693113487896,474.6004438579017,474.84782181628816,463.3445771653212,474.84782181628816,474.84782181628816,471.90693113487896,474.6004438579017
2026-08-14,24,366.73151500674777,366.73151500674777,366.73151500674777,364.9702638889341,360.05231013031204,366.73151500674777,366.73151500674777,366.73151500674777,366.73151500674777,364.9702638889341,360.05231013031204
2026-08-15,24,307.82614284835836,306.28065085549656,296.13293635911856,304.70077736768854,304.90990152192785,307.82614284835836,306.28065085549656,296.13293635911856,304.90990152192785,307.82614284835836,307.82614284835836
2026-08-16,24,268.86368834897974,268.05693683829014,268.05693683829014,262.74973140604993,268.05693683829014,268.86368834897974,268.05693683829014,268.05693683829014,268.86368834897974,259.52121808535765,268.05693683829014
2026-08-17,24,80.49505604528227,77.07667179950742,74.68996807967591,73.60452351758407,76.02423048531922,80.49505604528227,77.07667179950742,74.68996807967591,80.49505604528227,74.68996807967591,76.02423048531922
2026-08-18,24,71.43125140257258,62.926781297849374,70.76062849810027,70.76062849810027,70.76062849810027,71.43125140257258,62.926781297849374,69.67736509770062,71.43125140257258,70.76062849810027,70.76062849810027
2026-08-19,24,86.92508440301444,85.31404319716283,85.19478290464026,86.92508440301444,85.31404319716283,86.92508440301444,86.54568891667805,86.6865638179693,86.92508440301444,86.92508440301444,86.92508440301444
2026-08-20,24,200.9179520605332,174.19717018870412,198.06697319091128,199.25902730771116,199.25902730771116,199.06725747275763,175.3635288135694,199.91766777868682,200.2593115895575,199.63102091630515,199.91766777868682
2026-08-21,24,63.61809870722462,60.89125636846909,62.800894817234905,60.471673399295284,59.993250991793275,61.87131184806108,61.53106848883762,63.40912934510543,61.87131184806108,62.00949089633963,61.53106848883762
2026-08-22,24,296.7394335185711,292.43181201494934,292.43181201494934,292.94957758463374,292.35152267757826,296.2216679488867,292.94957758463374,292.43181201494934,296.2216679488867,292.94957758463374,292.8692882472627
2026-08-23,24,289.7070927998493,267.19621949677037,289.7070927998493,288.9565761695958,281.11657616959576,289.7070927998493,265.6283723284289,289.7070927998493,288.9565761695958,289.7070927998493,282.3525208884462
2026-08-24,24,307.81125410097394,290.3253490965727,307.66350600453956,307.81125410097394,307.1264534000398,307.81125410097394,289.993974347491,306.96530911087586,307.81125410097394,307.81125410097394,306.69964930892365
2026-08-25,24,210.613466166796,209.48073551523674,209.48073551523674,209.48073551523674,209.34778315609185,209.51725651635263,209.48073551523674,209.48073551523674,209.51725651635263,209.48073551523674,209.48073551523674
2026-08-26,24,171.37772727216247,168.964046234936,170.1067291741176,170.57668744484508,171.09778572298282,170.1067291741176,168.964046234936,171.09778572298282,171.37772727216247,169.58563089597985,171.09778572298282
2026-08-27,24,309.740831629538,309.6911503949952,309.6911503949952,306.61226185325836,309.740831629538,309.6911503949952,309.740831629538,309.6911503949952,309.740831629538,306.5625806187155,309.6911503949952
2026-08-28,24,100.06393010436483,95.17303397885647,95.14624500285623,91.7482847234684,95.85358870361604,99.93594516507366,95.39420377444078,95.85358870361604,100.06393010436483,91.7482847234684,95.85358870361604
2026-08-29,24,296.72434245652823,290.8933961446455,292.7747031761159,292.7747031761159,292.7747031761159,296.72434245652823,287.64665956981554,292.7747031761159,296.72434245652823,292.7747031761159,292.7747031761159
2026-08-30,24,274.87256334656405,274.5865559383782,274.5865559383782,273.78960953040456,273.78960953040456,274.87256334656405,274.5865559383782,274.5865559383782,273.78960953040456,274.87256334656405,274.87256334656405
2026-08-31,24,324.9703186180613,324.7597588261797,315.17512313605783,319.09703676740185,315.17512313605783,323.9532288489994,323.9499286699105,315.1469298621854,324.7630590052686,319.09703676740185,315.1469298621854
2026-09-01,24,325.51112439314517,325.2456559071938,325.24515635080627,325.2456559071938,325.11443440539165,325.24515635080627,325.2456559071938,325.51112439314517,325.51112439314517,325.2456559071938,325.11443440539165
2026-09-02,24,203.55991129113417,203.55991129113417,203.55991129113417,203.55991129113417,203.55991129113417,203.55991129113417,203.55991129113417,203.55991129113417,203.55991129113417,203.55991129113417,202.70280621418894
2026-09-03,24,303.5527023432528,288.23024514625695,293.4952755983072,293.4952755983072,293.4952755983072,303.3862656341306,289.05059413068665,293.4952755983072,303.5527023432528,293.4952755983072,293.4952755983072
2026-09-04,24,268.21652410160283,268.00291230813707,268.00291230813707,267.18489090925806,267.18489090925806,267.98423741739396,267.50215979965145,267.50215979965145,267.8881537268519,267.18489090925806,267.18489090925806
2026-09-05,24,185.58527367187457,183.49793027749288,183.96368569482763,177.07261330571694,179.33284108276968,184.6093374987398,183.49793027749288,183.49793027749288,184.71470871648714,177.07261330571694,181.0707485030445
2026-09-06,24,334.7410937692705,329.0252308007464,319.91234434458863,334.3418170645063,334.7410937692705,334.7410937692705,329.0252308007464,319.91234434458863,334.7410937692705,334.3418170645063,334.7410937692705
2026-09-07,24,336.37487081327043,336.22491946493767,336.23969507640066,335.5760308975276,336.37487081327043,336.23969507640066,336.36748300753897,336.23969507640066,335.5760308975276,336.23969507640066,336.23969507640066
2026-09-08,24,433.7340945705378,428.6890701187083,432.891188152608,432.891188152608,432.891188152608,433.7340945705378,429.53197653663807,433.70225664583785,433.7340945705378,433.7340945705378,433.70225664583785
2026-09-09,24,224.17366704763486,223.03903611758074,222.92522872928856,223.64352045454186,223.64352045454186,224.17366704763486,223.87113523112623,223.64352045454186,223.36153611758075,223.64352045454186,223.64352045454186
2026-09-10,24,549.5021616896606,459.35732341887183,502.05696690525895,547.834614197829,542.0987759792755,502.05696690525895,542.4725398546288,549.5021616896606,547.834614197829,549.5021616896606,545.5976852525537
2026-09-11,24,204.54998487902785,204.54998487902785,204.54998487902785,191.11982401136135,193.92828073685092,204.54998487902785,204.54998487902785,204.54998487902785,193.92828073685092,204.51788073685094,204.54998487902785
2026-09-12,24,371.18288412177606,363.22534595858485,351.8839206513318,363.2619779464717,363.22534595858485,370.57493103412384,363.8332990462371,352.491873738984,370.57493103412384,363.8699310341239,363.8332990462371
2026-09-13,24,160.92457129222592,156.65723652722008,154.81748996393807,151.95292819578657,157.73995766697513,160.92457129222592,156.65723652722008,154.81748996393807,159.04659811128755,151.58156782768384,157.72575900795974
2026-09-14,24,741.0668245002896,598.7170846311144,616.0245846311144,733.9491322479796,626.1087002304075,617.2086304306367,738.6434622043112,740.7867138990534,734.3186777025251,740.7867138990534,736.9551893263383
2026-09-15,24,439.6060195510554,437.654823482823,439.15862107196205,437.654823482823,439.15862107196205,439.6060195510554,437.654823482823,439.6060195510554,439.6060195510554,437.654823482823,439.15862107196205
2026-09-16,24,232.6666810145021,232.6666810145021,232.00879339611055,231.5413199451864,230.88343232679475,232.6666810145021,232.00879339611055,232.00879339611055,232.6666810145021,231.5413199451864,230.88343232679475
2026-09-17,24,374.98596862761605,369.87155441864627,373.4622112079338,373.5973658367873,373.5973658367873,374.98596862761605,370.88195998252246,373.5973658367873,374.98596862761605,373.5973658367873,373.5973658367873
2026-09-18,24,368.19817297925755,363.5736533666732,364.4757096006479,365.6450163118003,364.4757096006479,368.19817297925755,365.97678695903295,365.5507338386556,368.19817297925755,365.6450163118003,365.5507338386556
2026-09-19,24,196.98989667302337,196.50040303751865,196.50040303751865,196.50040303751865,196.50040303751865,196.98989667302337,196.50040303751865,196.50040303751865,196.98989667302337,196.50040303751865,196.50040303751865
2026-09-20,24,82.4346250605596,77.98349242323148,78.33845889861576,77.51688517812745,76.51390194694339,82.4346250605596,77.98349242323148,78.33845889861576,80.60318098371867,78.11705644374248,78.4857424767044
2026-09-21,24,392.06088431625864,389.539031758023,389.70395039694733,391.44948407832163,383.3019242102323,392.06088431625864,389.539031758023,389.70395039694733,392.06088431625864,391.44948407832163,389.70395039694733
2026-09-22,24,622.0602367859746,593.9266400345683,593.9266400345683,620.2547822405201,593.9266400345683,588.0046875362963,622.0602367859746,622.0602367859746,588.0046875362963,620.2547822405201,621.931622206522
2026-09-23,24,434.3767599581042,427.1660630526165,432.3352685069047,427.605363089427,427.605363089427,434.16261209596746,432.3352685069047,427.605363089427,434.16261209596746,427.605363089427,427.605363089427
2026-09-24,24,370.12957846255836,362.8090626160977,354.2143609079139,361.0834747881753,357.41508449230076,369.67817649635913,362.80707846255837,353.85635487817154,369.67817649635913,361.17885487817153,357.0570784625584
2026-09-25,24,442.092765625416,440.03480438884225,440.03480438884225,440.03480438884225,440.03480438884225,442.092765625416,441.9889845449022,441.9889845449022,442.092765625416,441.9889845449022,441.9889845449022
2026-09-26,24,372.0245575627343,370.1624625060844,370.1624625060844,370.1624625060844,370.1624625060844,372.0245575627343,369.95426710456564,369.75743485186246,372.0245575627343,370.1624625060844,370.1624625060844
2026-09-27,24,343.0899995731369,342.1286975067752,342.1286975067752,341.5210188233359,342.1286975067752,343.0899995731369,340.3229629938799,342.1286975067752,343.0899995731369,341.5210188233359,342.1286975067752
2026-09-28,24,283.31393033560903,283.1006328312876,282.0467536410374,274.202843274824,276.262971601079,282.1919486496803,276.262971601079,276.262971601079,283.31393033560903,274.202843274824,276.262971601079
2026-09-29,24,255.48790210937693,249.50526148418737,247.0031735110585,251.20056334692669,247.0031735110585,255.48790210937693,249.50526148418737,249.50526148418737,255.48790210937693,250.62585538506613,243.66350537613192
2026-09-30,24,347.7042330125725,321.7133747057072,347.17090379881375,345.63713904091355,342.85096278649996,347.7042330125725,321.7133747057072,347.17090379881375,347.7042330125725,345.63713904091355,342.85096278649996
