period,strategy,days,perfect_eur_day,strategy_eur_day,gap_eur_day,order_only_gap_eur_day,values_only_gap_eur_day,interaction_eur_day
test year,S-xgb-reg,365,200.4961327495062,189.33384063623694,11.162292113269245,7.605241860880966,3.880312015701918,-0.32326176331363854
test year,S-xgb-rank,365,200.4961327495062,191.16185040590733,9.334282343598858,5.731476756029167,3.880312015701918,-0.27750642813222726
test year,S-lstm-reg,365,200.4961327495062,191.40713856085497,9.088994188651213,6.187568538885955,3.573159855346802,-0.6717342055815436
test year,S-lstm-rank,365,200.4961327495062,191.32593842378134,9.17019432572485,5.85087147282988,3.573159855346802,-0.2538370024518315
2025-10-01,S-xgb-reg,92,102.22143414772607,89.70646427535077,12.514969872375303,11.247406917324469,2.663031901683496,-1.3954689466326613
2025-10-01,S-xgb-rank,92,102.22143414772607,92.30512077441695,9.916313373309123,8.5827295838873,2.663031901683496,-1.329448112261673
2025-10-01,S-lstm-reg,92,102.22143414772607,90.45255648682914,11.768877660896933,9.884639965073703,2.565675859136789,-0.6814381633135582
2025-10-01,S-lstm-rank,92,102.22143414772607,90.83808118768128,11.383352960044789,9.807237301780788,2.565675859136789,-0.9895602008727877
2026-01-01,S-xgb-reg,90,127.06583130848949,117.4152645041394,9.650566804350092,9.252978169611339,1.5761787018419255,-1.1785900671031726
2026-01-01,S-xgb-rank,90,127.06583130848949,118.17177915681962,8.894052151669868,7.53495048805955,1.5761787018419255,-0.21707703823160784
2026-01-01,S-lstm-reg,90,127.06583130848949,119.63366727634025,7.432164032149245,7.599158376557085,1.1955878299318528,-1.3625821743396926
2026-01-01,S-lstm-rank,90,127.06583130848949,119.85758278666091,7.20824852182858,7.164990409809164,1.1955878299318528,-1.152329717912437
2026-04-01,S-xgb-reg,91,287.3885072395534,272.3890431196162,14.999464119937215,5.422070882557875,8.758979329001704,0.8184139083776358
2026-04-01,S-xgb-rank,91,287.3885072395534,274.31514315027414,13.073364089279266,3.705238872707696,8.758979329001704,0.6091458875698663
2026-04-01,S-lstm-reg,91,287.3885072395534,274.35464368086485,13.033863558688552,3.658191928862493,9.55136219607789,-0.17569056625183066
2026-04-01,S-lstm-rank,91,287.3885072395534,274.8865729743914,12.501934265161992,3.262238884449175,9.55136219607789,-0.3116668153650721
2026-07-01,S-xgb-reg,92,284.65692973277754,277.1639172786586,7.493012454118968,4.510601709238244,2.5259972681671456,0.45641347671357835
2026-07-01,S-xgb-rank,92,284.65692973277754,279.1724580013163,5.484471731461269,3.120169705339606,2.5259972681671456,-0.16169524204548225
2026-07-01,S-lstm-reg,92,284.65692973277754,280.5289972618964,4.127932470881149,3.6114773966299936,0.9933076480872387,-0.4768525738360836
2026-07-01,S-lstm-rank,92,284.65692973277754,279.07612460809145,5.580805124686094,3.1694497875146794,0.9933076480872387,1.418047689084176
