month,S-perfect profit (EUR),S-naive-1d profit (EUR),S-naive-7d profit (EUR),S-xgb-reg profit (EUR),S-xgb-rank profit (EUR),S-lstm-reg profit (EUR),S-lstm-rank profit (EUR),S-naive-1d capture,S-naive-7d capture,S-xgb-reg capture,S-xgb-rank capture,S-lstm-reg capture,S-lstm-rank capture
2025-10,4587.654159682513,3214.338672818898,2505.5757848307635,4205.079093851794,4336.30972873078,4073.313092463207,4229.058923539816,0.700649735341285,0.5461562048095101,0.9166076926214519,0.945212864308602,0.8878858237093223,0.9218347278018199
2025-11,3029.795199077504,1699.0704485686792,1642.113476011631,2564.537884150868,2630.4545614365943,2694.6614719603817,2538.8228048288634,0.5607872271650582,0.541988275812046,0.8464393517197812,0.8681955012132507,0.8893873331045075,0.8379519531887405
2025-12,1786.9225828307815,828.0080129496722,788.1563998637832,1483.3777353296077,1525.3068210789854,1553.6606323646924,1589.2217408979982,0.4633709489741689,0.4410691360871454,0.8301298274375668,0.8535942383483938,0.869461636051091,0.8893623910558047
2026-01,2486.663568699734,1344.5618249441322,620.988237696492,2089.3892564282123,2197.597504248958,2133.4892512337037,2235.3346023671475,0.5407091823230427,0.24972748445468407,0.84023801318678,0.8837534485608252,0.8579726176425613,0.8989292441904374
2026-02,1871.5256384540949,840.1274196257502,716.1530161626689,1612.8924420519393,1544.1455368586712,1707.2654275721504,1634.2800448977748,0.4488997651775194,0.3826573365856857,0.8618062231753394,0.8250731409344496,0.912231920574903,0.8732341205048689
2026-03,7077.735610610228,6000.086742096724,5846.065106630983,6865.092106892397,6893.717083006136,6926.275376064768,6917.567803534561,0.8477410109953809,0.8259795827732179,0.969955997876064,0.9740003671049495,0.9786004673135281,0.9773701907096445
2026-04,8642.956499908194,7519.860765816434,7002.573435941657,8368.996749958058,8430.709360124554,8427.065096394479,8455.979681857074,0.8700565328422409,0.8102057942807,0.968302542081168,0.9754427620009548,0.975021116499197,0.97836656726745
2026-05,8570.846909788535,7936.521024058015,8015.929572148601,8418.581828848142,8478.46847996869,8449.826886490235,8473.458678008408,0.9259902909937554,0.9352552503293253,0.982234534983177,0.9892217851057002,0.9858800390939095,0.9886372685447335
2026-06,8938.550749102635,7413.572438238053,7460.146544636365,7999.824345078874,8053.500186581702,8089.380592073986,8085.23978080414,0.829393113753068,0.8346035900042643,0.894980021888,0.9009850044639748,0.9049991233630464,0.9045358702713456
2026-07,7830.130226660079,7216.776942214213,6807.028677682443,7680.275436863234,7709.07226313833,7668.345589662206,7672.033004516375,0.9216675500035086,0.8693378629267017,0.9808617755440876,0.9845394699682555,0.9793381933231421,0.9798091196995149
2026-08,8158.409408622996,7677.466523920771,7502.6596582106695,7992.446427298766,8076.554315994267,8053.585028882425,8061.709854431878,0.9410494300281259,0.9196228434283729,0.9796574340644371,0.9899667829194484,0.9871513705073716,0.9881472540359507
2026-09,10199.897900132459,8699.68755514434,9028.189057519747,9826.358525474592,9898.239556988503,10086.737129549836,9941.260604996167,0.8529190821636915,0.8851254341871897,0.9633781261033,0.9704253565969481,0.9889056957539591,0.9746431486208373
