importance_rank,feature,importance,uses_tso_generation_forecast,psi_test_vs_train,psi_validation_vs_train
1,price_lag1,0.27979435865416075,False,1.0509010055415566,0.9685859088079096
2,residual_load_fc_dev,0.19002596675194658,True,0.17018733258540025,0.06426568608964413
3,residual_load_fc_rank,0.18763227364381996,True,1.2009301698338084e-08,1.2009301698338084e-08
4,price_lag1_day_mean,0.06374827227061575,False,1.5486233949665071,0.928153795859588
5,price_lag7,0.047619296630620145,False,1.0600439010123486,0.9496394274804478
6,price_profile28,0.04555474042090052,False,0.07122468868551506,0.03504322036449973
7,residual_load_fc,0.0260874804380231,True,0.1451213650561557,0.06775776409463222
8,price_lag1_day_max,0.016839852979860823,False,1.7236731083529944,1.8293488724678475
9,wind_pv_share,0.010833371053075002,True,0.1476703791063293,0.060163695471484945
10,price_lag7_rank,0.010271537079648937,False,1.2514537082474285e-05,8.003805502890545e-05
