setting,strategy,days,profit_eur_per_mw_year,mean_daily_profit_eur,capture_rate,var5_p5_of_daily_profit_eur,es5_mean_of_worst5pct_days_eur,max_drawdown_eur,losing_day_share
"base: 2 h, 10 EUR/MWh",S-perfect,365,73181.08845356976,200.4961327495062,1.0,21.732778614567323,14.725593065149427,0.0,0.0
"base: 2 h, 10 EUR/MWh",S-naive-1d,365,60390.078370395684,165.45226950793338,0.8252142684200521,-7.565822744565333,-23.786499942868577,61.39403219118867,0.07945205479452055
"base: 2 h, 10 EUR/MWh",S-naive-7d,365,57935.578967335816,158.7276136091392,0.7916741905812652,-2.580297163857252,-25.550805190013943,222.30445224210416,0.06575342465753424
"base: 2 h, 10 EUR/MWh",S-xgb-reg,365,69106.85183222649,189.33384063623694,0.9443266463038713,14.814865389472354,5.675593762174736,15.97037179458539,0.010958904109589041
"base: 2 h, 10 EUR/MWh",S-xgb-rank,365,69774.07539815617,191.16185040590733,0.9534440778702659,15.17436663544741,6.257087120586683,13.14439629929177,0.00821917808219178
"base: 2 h, 10 EUR/MWh",S-lstm-reg,365,69863.60557471207,191.40713856085497,0.9546674837862997,14.78054038081279,6.9010059641897215,11.306000640050456,0.005479452054794521
"base: 2 h, 10 EUR/MWh",S-lstm-rank,365,69833.96752468019,191.32593842378134,0.9542624877598922,15.273367290856461,7.704384547321011,11.265191808390796,0.00821917808219178
degradation 0 EUR/MWh,S-perfect,365,80319.20672847184,220.05262117389543,1.0,40.57980933893759,32.5826696344857,0.0,0.0
degradation 0 EUR/MWh,S-naive-1d,365,67581.26221163763,185.15414304558254,0.8414084870148647,8.633531607055218,-4.7645350333162,41.39403219118867,0.0273972602739726
degradation 0 EUR/MWh,S-naive-7d,365,65273.02644765121,178.83020944561974,0.8126702081149041,15.020268617568656,-7.489447660423491,202.30445224210416,0.01643835616438356
degradation 0 EUR/MWh,S-xgb-reg,365,76275.58528059386,208.97420624820236,0.9496556102508844,34.17018200995779,24.676906084529246,0.0,0.0
degradation 0 EUR/MWh,S-xgb-rank,365,77020.89700501687,211.01615617812843,0.9589349813350961,34.344237550726376,26.213081933938557,0.0,0.0
degradation 0 EUR/MWh,S-lstm-reg,365,77069.4325721178,211.14913033456932,0.9595392647820805,34.17334697020242,26.14371182546107,0.0,0.0
degradation 0 EUR/MWh,S-lstm-rank,365,77024.65173669386,211.02644311422978,0.9589817289541269,34.22887715144348,26.63330244593298,0.0,0.0
degradation 20 EUR/MWh,S-perfect,365,66351.13485051546,181.78393109730263,1.0,7.060892485332593,3.2515941808490516,0.0,0.0
degradation 20 EUR/MWh,S-naive-1d,365,53273.258602787915,145.95413315832306,0.8028989816498076,-23.634271420045014,-40.89315027593268,223.56808594110316,0.13972602739726028
degradation 20 EUR/MWh,S-naive-7d,365,50787.60741648256,139.1441299081714,0.7654369067070751,-19.252413697967626,-42.00007662930051,300.43171530075097,0.14246575342465753
degradation 20 EUR/MWh,S-xgb-reg,365,62019.576477572904,169.91664788376139,0.9347176445029726,-0.6179122580358358,-8.596219712885155,31.811979604884755,0.052054794520547946
degradation 20 EUR/MWh,S-xgb-rank,365,62735.61890737227,171.87840796540348,0.9455093578837996,0.0,-8.64040743820034,33.07888980767075,0.049315068493150684
degradation 20 EUR/MWh,S-lstm-reg,365,62866.53470221896,172.23708137594235,0.9474824333276731,-1.074539255452939,-10.122035219917494,31.5719347530694,0.06575342465753424
degradation 20 EUR/MWh,S-lstm-rank,365,62830.47996869416,172.1383012840936,0.9469390404587187,-0.9775252727515394,-8.625601374112103,31.265191808390796,0.06301369863013699
1 h (1 MW / 1 MWh),S-perfect,365,37919.169191003806,103.88813476987345,1.0,11.036378123612185,8.153966106845228,0.0,0.0
1 h (1 MW / 1 MWh),S-naive-1d,365,30821.226327322904,84.44171596526823,0.8128138612972337,-4.733406958623106,-12.290448106749876,27.186993088814006,0.07123287671232877
1 h (1 MW / 1 MWh),S-naive-7d,365,29431.070662959508,80.6330703094781,0.7761528348554094,-3.709321467025213,-12.889230137573064,106.113144922218,0.0684931506849315
1 h (1 MW / 1 MWh),S-xgb-reg,365,35416.412920340896,97.03126827490657,0.9339975974142207,7.0473283590630595,3.2697756158270614,7.391370302879693,0.010958904109589041
1 h (1 MW / 1 MWh),S-xgb-rank,365,35837.86640354353,98.18593535217406,0.9451121205484097,7.911647655367693,3.4924917272997638,5.846809253157858,0.00821917808219178
1 h (1 MW / 1 MWh),S-lstm-reg,365,35796.657285757836,98.0730336596105,0.9440253583997423,7.27643404196952,3.1151802261313986,7.189298982163564,0.00821917808219178
1 h (1 MW / 1 MWh),S-lstm-rank,365,35777.16147375129,98.01962047603092,0.9435112170716888,7.440080237395256,3.9581657257145877,6.1158461751956565,0.00821917808219178
4 h (1 MW / 4 MWh),S-perfect,365,128418.94200220279,351.83271781425424,1.0,33.16032420950387,21.451884245505866,0.0,0.0
4 h (1 MW / 4 MWh),S-naive-1d,365,109088.20750488275,298.87180138324044,0.8494713147770019,-16.81588204565982,-42.306058864964506,123.53009610202753,0.06027397260273973
4 h (1 MW / 4 MWh),S-naive-7d,365,108304.36161180038,296.7242783884942,0.8433674964394474,-8.63857939233867,-45.77811392998278,383.2868492379439,0.06575342465753424
4 h (1 MW / 4 MWh),S-xgb-reg,365,123716.21615058524,338.94853739886366,0.9633798115893455,20.50603476931564,6.867720405315559,30.443254052123393,0.010958904109589041
4 h (1 MW / 4 MWh),S-xgb-rank,365,124711.64192299522,341.6757312958773,0.971131205245843,20.081904550907797,8.088279489452203,29.499079916289475,0.0136986301369863
4 h (1 MW / 4 MWh),S-lstm-reg,365,124544.56091945768,341.2179751218019,0.9698301432612749,22.73158487753587,4.9539232462453375,29.687928538424558,0.010958904109589041
4 h (1 MW / 4 MWh),S-lstm-rank,365,124783.49513893231,341.87258942173236,0.9716907271887653,21.44231606234618,8.479636712294862,29.424507114238395,0.010958904109589041
