setting,comparison,mean_daily_diff_eur,ci95_low_eur,ci95_high_eur,annual_diff_eur_per_mw,share_of_gap_to_perfect_closed
"base: 2 h, 10 EUR/MWh",S-xgb-rank - S-xgb-reg,1.8280097696703688,0.779466409849975,2.839666514505667,667.2235659296846,0.16376652314064727
"base: 2 h, 10 EUR/MWh",S-lstm-rank - S-lstm-reg,-0.08120013707361169,-1.1928400360559381,1.0342755149487075,-29.638050031868268,-0.008933896907426884
degradation 0 EUR/MWh,S-xgb-rank - S-xgb-reg,2.0419499299260684,0.9921027797244926,3.0595533994914357,745.311724423015,0.18431787792948354
degradation 0 EUR/MWh,S-lstm-rank - S-lstm-reg,-0.12268722033952993,-1.2227200455090046,0.9753882889641025,-44.78083542392842,-0.013779676146532142
degradation 20 EUR/MWh,S-xgb-rank - S-xgb-reg,1.9617600816421372,0.9322200533885731,2.985220304235622,716.0424297993801,0.16530827202334303
degradation 20 EUR/MWh,S-lstm-rank - S-lstm-reg,-0.09878009184878923,-1.2125309748157422,1.0142449457855334,-36.05473352480807,-0.010346878261608836
1 h (1 MW / 1 MWh),S-xgb-rank - S-xgb-reg,1.1546670772674912,0.5471225058036387,1.72634580349848,421.4534832026343,0.16839573559074633
1 h (1 MW / 1 MWh),S-lstm-rank - S-lstm-reg,-0.05341318357956994,-1.2979697786665547,0.9855285270382135,-19.495812006543026,-0.00918525448943652
4 h (1 MW / 4 MWh),S-xgb-rank - S-xgb-reg,2.7271938970136893,1.0511387153450285,4.642948432455053,995.4257724099966,0.2116699556423435
4 h (1 MW / 4 MWh),S-lstm-rank - S-lstm-reg,0.6546142999305037,-0.4025160341633884,1.5870430006027687,238.93421947463384,0.06167029375059334
