model,rank,feature,mean_abs_shap,share_of_total,uses_tso_generation_forecast
xgb-reg,1,residual_load_fc,17.7381534576416,0.1806013,True
xgb-reg,2,price_lag1,12.312870979309082,0.1253637,False
xgb-reg,3,price_lag7,10.63379192352295,0.10826812,False
xgb-reg,4,wind_pv_share,6.022778034210205,0.06132101,True
xgb-reg,5,residual_load_fc_dev,5.617532253265381,0.057194993,True
xgb-reg,6,price_lag1_day_mean,4.950472354888916,0.05040331,False
xgb-reg,7,price_lag1_day_spread,3.9720609188079834,0.040441602,False
xgb-reg,8,residual_load_actual_lag7,2.9684948921203613,0.030223778,False
xgb-reg,9,price_lag1_day_max,2.690936803817749,0.027397815,False
xgb-reg,10,price_lag7_day_mean,2.6554040908813477,0.02703604,False
xgb-rank,1,residual_load_fc_dev,1.1912792921066284,0.39600742,True
xgb-rank,2,residual_load_fc_rank,0.6724646687507629,0.22354203,True
xgb-rank,3,price_profile28,0.29953423142433167,0.09957176,False
xgb-rank,4,price_lag7_rank,0.12054936587810516,0.040073257,False
xgb-rank,5,local_hour,0.10251423716545105,0.034077983,False
xgb-rank,6,price_lag1_rank,0.08710204809904099,0.028954634,False
xgb-rank,7,residual_load_fc,0.06174269691109657,0.020524628,True
xgb-rank,8,load_fc,0.057608623057603836,0.019150373,False
xgb-rank,9,residual_load_fc_day_mean,0.04367109760642052,0.014517233,True
xgb-rank,10,load_actual_lag7,0.03732844069600105,0.012408794,False
