variant,quarter_start,model,seed,n_iter
no_gen_forecasts,2025-10-01,xgb-reg,0,234
no_gen_forecasts,2025-10-01,xgb-reg,1,178
no_gen_forecasts,2025-10-01,xgb-reg,2,217
no_gen_forecasts,2025-10-01,xgb-rank,0,91
no_gen_forecasts,2025-10-01,xgb-rank,1,142
no_gen_forecasts,2025-10-01,xgb-rank,2,66
no_gen_forecasts,2026-01-01,xgb-reg,0,59
no_gen_forecasts,2026-01-01,xgb-reg,1,50
no_gen_forecasts,2026-01-01,xgb-reg,2,59
no_gen_forecasts,2026-01-01,xgb-rank,0,183
no_gen_forecasts,2026-01-01,xgb-rank,1,141
no_gen_forecasts,2026-01-01,xgb-rank,2,184
no_gen_forecasts,2026-04-01,xgb-reg,0,62
no_gen_forecasts,2026-04-01,xgb-reg,1,71
no_gen_forecasts,2026-04-01,xgb-reg,2,52
no_gen_forecasts,2026-04-01,xgb-rank,0,111
no_gen_forecasts,2026-04-01,xgb-rank,1,178
no_gen_forecasts,2026-04-01,xgb-rank,2,123
no_gen_forecasts,2026-07-01,xgb-reg,0,284
no_gen_forecasts,2026-07-01,xgb-reg,1,227
no_gen_forecasts,2026-07-01,xgb-reg,2,248
no_gen_forecasts,2026-07-01,xgb-rank,0,170
no_gen_forecasts,2026-07-01,xgb-rank,1,210
no_gen_forecasts,2026-07-01,xgb-rank,2,211
fixed_trees,2025-10-01,xgb-reg,0,467
fixed_trees,2025-10-01,xgb-reg,1,223
fixed_trees,2025-10-01,xgb-reg,2,571
fixed_trees,2025-10-01,xgb-rank,0,83
fixed_trees,2025-10-01,xgb-rank,1,88
fixed_trees,2025-10-01,xgb-rank,2,151
fixed_trees,2026-01-01,xgb-reg,0,467
fixed_trees,2026-01-01,xgb-reg,1,223
fixed_trees,2026-01-01,xgb-reg,2,571
fixed_trees,2026-01-01,xgb-rank,0,83
fixed_trees,2026-01-01,xgb-rank,1,88
fixed_trees,2026-01-01,xgb-rank,2,151
fixed_trees,2026-04-01,xgb-reg,0,467
fixed_trees,2026-04-01,xgb-reg,1,223
fixed_trees,2026-04-01,xgb-reg,2,571
fixed_trees,2026-04-01,xgb-rank,0,83
fixed_trees,2026-04-01,xgb-rank,1,88
fixed_trees,2026-04-01,xgb-rank,2,151
fixed_trees,2026-07-01,xgb-reg,0,467
fixed_trees,2026-07-01,xgb-reg,1,223
fixed_trees,2026-07-01,xgb-reg,2,571
fixed_trees,2026-07-01,xgb-rank,0,83
fixed_trees,2026-07-01,xgb-rank,1,88
fixed_trees,2026-07-01,xgb-rank,2,151
