variant,quarter_start,days,mean_daily_diff_eur,trees_xgb_reg,trees_xgb_rank
official,2025-10-01,92,2.5986564990661942,616/858/810,69/70/188
official,2026-01-01,90,0.7565146526801827,39/48/43,231/124/174
official,2026-04-01,91,1.9261000306579097,67/56/64,171/176/146
official,2026-07-01,92,2.0085407226577017,718/778/427,182/251/92
no_gen_forecasts,2025-10-01,92,4.74137212133959,234/178/217,91/142/66
no_gen_forecasts,2026-01-01,90,1.8817103630509409,59/50/59,183/141/184
no_gen_forecasts,2026-04-01,91,5.654329220003289,62/71/52,111/178/123
no_gen_forecasts,2026-07-01,92,5.183471542981221,284/227/248,170/210/211
fixed_trees,2025-10-01,92,2.3223267985609968,467/223/571,83/88/151
fixed_trees,2026-01-01,90,0.10147455032841969,467/223/571,83/88/151
fixed_trees,2026-04-01,91,1.5230425796583993,467/223/571,83/88/151
fixed_trees,2026-07-01,92,1.2126136782823145,467/223/571,83/88/151
